id,title
8,新修改的《安全生产法》是根据2014年( )第十二届全国人大常委会第十次会议《关于修改(中华人民共和国安全生产法)的决定》第二次修正。
9,修改后的《安全生产法》由习近平主席于2014年签署第十三号令予以公布，自2014年( )起施行。
11,劳动者解除劳动合同，应当提前( )日以书面形式通知用人单位。
14,新安法规定，生产经营单位的( )对重大、特别重大生产安全事故负有责任的，( )不得担任本行业生产经营单位的主要负责人。
16,《安全生产法》规定，矿山、金属冶炼、建筑施工、道路运输单位和危险物品的生产、经营、储存单位，应当设置安全生产管理机构或者配备专职安全生产管理人员。上述以外的其他生产经营单位，从业人员超过( )人的，应当设置安全生产管理机构或者配备专职安全生产管理人员。
18,在生产经营单位的安全生产工作中，最基本的安全管理制度是( )。
20,( )是指通过采用技术和管理手段使事故不发生。( )是通过采取技术和管理手段使事故发生后不造成严重后果或使后果尽可能减少。
22,1依据《安全生产法》的规定，国家对严重危及生产安全的工艺、设备实施( )制度。
26,依据《安全生产法》的规定，生产经营单位的从业人员有权了解其作业场所和工作岗位存在的危险因素、防范措施及( )。
28,全员培训，年度培训学时不少于( )学时。
32,《安全生产法》规定，生产经营单位的( )对本单位的安全生产工作全面负责。
34,有关地方人民政府、负有安全生产监督管理职责的部门，对生产安全事故隐瞒不报、谎报或者( )的，对直接负责的主管人员和其他直接负责人员依法给予处分。
36,依据《安全生产法》的规定，安全生产监督检查人员应当将检查的时间、地点、内容、发现的问题及其处理情况( )。
37,《安全生产法》规定，生产经营单位的主要负责人和安全生产管理人员必须具备与本单位所从事的生产经营活动相应的( )。
40,建筑工程施工现场的消防安全由( )负责。
42,《职业病防治法》规定，对从事接触职业病危害作业的劳动者，用人单位应当按照国务院卫生行政部门的规定组织( )的职业健康检查，并将检查结果如实告知劳动者。
44,依据《职业病防治法》，下列( )项不属于劳动者在职业活动中应尽的职业卫生义务。
45,《生产安全事故报告和调查处理条例》规定，事故发生后，事故单位负责人应当于( )内向事故发生地县级以上人民政府安全生产监督管理部门和负有安全生产监督管理职责的有关部门报告。
47,依据《安全生产法》的规定，( )应当组织有关部门制定本行政区域内生产安全事故应急预案，建立应急救援体系。
49,以下哪种情况不宜采用口对口人工呼吸？
51,火灾致人死亡的最主要原因是( )。
52,下列说法错误的是( )。
54,《安全生产法》规定，因生产安全事故受到损害的从业人员，除依法享有工伤保险外，依照有关民事法律尚有获得赔偿的权利的，有权向( )提出赔偿要求。
56,工伤事故中，如果职工也有责任，职工能否获得工伤补偿( )。
57,安全生产法律责任的形式中，( )在追究安全生产违法行为的法律责任方式中运用最多。
58,劳动能力鉴定的伤残等级一共分为几级，最轻是几级，最重是几级( )。
59,坚持安全发展，要贯彻( )的发展思想。
60,《安全生产法》规定，事故调查处理应当按照科学严谨、依法依规、实事求是、注重实效的原则，及时、准确地查清( )，查明事故性质和责任。
61,《安全生产法》是我国众多的安全生产法律、行政法规中唯一设定( )的法律。
62,坚持源头防范，要构建风险分级管控和( )双重预防工作机制。
64,《生产安全事故应急条例》于( )施行。
65,气焊施工现场的乙炔瓶与火源的距离不得少于( )。
66,安全带是进行高处作业人员预防坠落伤亡的个体防护用品，其正确使用方法是( )。
67,根据《安全生产法》的规定，因生产安全事故受到损害的从业人员，关于享有工伤保险和提起民事赔偿的说法，正确的是( )。
68,在有爆炸性粉尘的作业场所进行检维修作业，( )。
69,生产经营单位应当针对本单位可能发生的生产安全事故的特点和危害，进行风险辨识和评估，制定相应的生产安全事故应急救援预案，并向( )公布。
70,用人单位应当设置或者指定职业卫生管理机构或者组织，配备专职或者兼职的( )，负责本单位的职业病防治工作。
73,"依据《安全生产法》的规定,企业发生生产安全事故后，事故现场有关人员应当立即报告( )。"
74,安全评价按照实施阶段的不同分为三类：( )、安全验收评价、安全现状评价。
75,依据《安全生产法》的规定，任何单位和个人对事故隐患或者安全生产违法行为，均有权向( )报告或者举报。
77,安全生产教育和培训的时间按照国家和上海市有关规定执行，费用的承担机构是( )。
79,依据《安全生产法》的规定，( )是安全生产的主体。
81,《安全生产法》体现了( )的理念，在赋予各种法律主体必要权利的同时设定其应尽的义务。
83,事故发生单位负责人接到事故报告后，应当立即启动事故相应( )，或者采取有效措施，组织抢救，防止事故扩大，减少人员伤亡和财产损失。
85,生产经营单位发生重大生产安全事故时，( )应当立即组织抢救，并不得在事故调查处理期间擅离职守。
88,本单位事故隐患排查治理的第一责任人是( )。
89,在施工现场，高处作业工作面的边沿没有围护设施或虽有围护设施，但其高度低于( )mm时，在这样的工作面上作业统称临边作业。
91,气瓶的瓶体有肉眼可见的突起(鼓包)缺陷的，应( )
92,依据《安全生产法》，全面负责领导安全生产工作，在生产安全事故的应急救援工作中处于组织领导核心地位的是( )。
95,干粉灭火器扑救可燃、易燃液体火灾时，应对准( )扫射？
99,生产经营单位对重大危险源应当( )，进行定期检测、评估、监控，并制定应急预案，告知从业人员和相关人员在紧急情况下应当采取的应急措施。
100,安全生产领域“打非治违”专项行动要求，企业主要负责人要切实负起 安全生产第一责任人的责任，认真组织开展自查自纠，针对存在的问题， 做到“五落实”，包括( )。
101,各级工会依法组织从业人员参加本单位安全生产工作的( )。
103,《生产安全事故报告和调查处理条例》所称“瞒报”，是指( )。
104,下列( )不属于生产经营单位的安全生产规定。
106,生产经营单位未取得安全生产许可证擅自进行生产的，相关部门应当 责令其停止生产，没收违法所得，并处( )万元以上 50 万元以下的罚款；造成重大事故或者其他严重后果，构成犯罪的，依法追究刑事责任。
109,有限空间作业应当严格遵守( )的原则。
110,存在职业危害的生产经营单位应当依法建立( )，包括职业危害的防治责任、告知、申报、宣传教育、防护设施维护检修、日常监测、从业人员体检以及职业健康监护档案管理等内容。
111,根据基地《长兴分公司危险化学品管理规定》(修订)，危险化学品码头在进行危险化学品装卸作业时，码头周围( )范围内严禁明火作业。
112,下列关于静电的危害形式和事故后果的说法中正确的是( )。
113,灭火器压力表用红、黄、绿三色表示压力情况，当指针指在黄色区域表示压力( )。
114,火灾疏散与逃生的基本原则是( )。
116,生产经营单位出租厂房、场所给其他单位从事生产经营活动的，租赁双方应当签订安全生产管理协议，明确双方对出租厂房、场所的( )。
117,购买特种劳动防护用品时，应当查验产品质量合格证明、产品生产许可证和____，并建立采购档案( )。
118,职业病的分类和目录由国务院卫生行政部门会同国务院安全生产监督管理部门、劳动保障行政部门制定、调整并公布。目前我国职业病共分10大类( )种。
119,以下不属于禁止行为的是( )。
121,易燃易爆场所不能穿( )
123,用人单位的主要负责人和职业卫生管理人员应当接受( )培训，遵守职业病防治法律、法规，依法组织本单位的职业病防治工作。
125,用人单位工作场所存在职业病目录所列职业病的危害因素的，应当及时、如实向所在地安全生产监督管理部门( )危害项目，接受监督。
126,职业病危害，是指对从事职业活动的劳动者可能导致职业病的各种危害。职业病危害因素包括：职业活动中存在的各种有害的( )因素以及在作业过程中产生的其他职业有害因素。
127,生产经营单位应当教育和督促从业人员严格执行本单位的安全生产规章制度和( )。
128,新建、扩建、改建建设项目和技术改造技术引进项目(以下统称建设项目)可能产生职业病危害的，建设单位在可行性论证阶段应当向安全生产监督管理部门提交( )。
130,安全生产工作中，在委以责任的同时必须授以自主完成任务所必需的权利，使职权和责任保持一致，才能保证工作正常地进行，这属于( )。
131,安全管理部门的每一个职务都由一定的人员来担任，组织设计必须确保每项具体的工作内容都落实到相应职位，即事事有人做，人人有其责。这属于( )。
132,"化工厂工人甲发现车间内存在重大事故隐患．立即向班长汇报，班长随即向车间主任报告。根据《安全生产法》 的有关规定,负责督促/检查及时消除该事故隐患的责任人是( )。"
135,安全操作规程的制定，其内容条目的先后顺序力求与操作顺序( )。
136,向用人单位提供可能产生职业病危害的设备的，应当提供( )，并在设备的醒目位置设置警示标识和中文警示说明。警示说明应当载明设备性能、可能产生的职业病危害、安全操作和维护注意事项、职业病防护以及应急救治措施等内容。
137,下列( )不属于事故预防与控制的手段。
139,安全意识教育、安全生产方针政策教育属于( )。
140,用人单位应当为劳动者建立( )档案，并按照规定的期限妥善保存。
141,劳动者离开用人单位时，有权索取( )，用人单位应当如实、无偿提供，并在所提供的复印件上签章。
142,( )安全培训方式具有科学性、思想性、计划性、系统性和逻辑性的特点，用以丰富安全知识，提高对安全生产的重视程度。
143,安全培训方式，它以精练的语言、醒目的方式，展现安全生产的优越性或对有关安全的特殊问题提供信息，予以劝告或指导。
145,未取得职业卫生技术服务资质认可擅自从事职业卫生技术服务的，或者医疗卫生机构未经批准擅自从事职业健康检查、职业病诊断的，由安全生产监督管理部门和卫生行政部门依据职责分工责令立即停止违法行为，没收违法所得；违法所得五千元以上的，并处违法所得( )以下的罚款。
146,安全文化的核心是( )。
147,用人单位和医疗卫生机构未按照规定报告职业病、疑似职业病的，由有关主管部门依据职责分工责令限期改正，给予警告，可以并处一万元以下的罚款；弄虚作假的，并处( )以下的罚款；对直接负责的主管人员和其他直接责任人员，可以依法给予降级或者撤职的处分。
149,医疗卫生机构承担职业病诊断，应当经省、自治区、直辖市人民政府( )批准。省、自治区、直辖市人民政府卫生行政部门应当向社会公布本行政区域内承担职业病诊断的医疗卫生机构的名单。
150,焊接时产生的有害粉尘和有毒气体进入人体的主要途径是( )。
151,《用人单位职业健康监护监督管理办法》规定，用人单位应当选择由( )级以上人民政府卫生行政部门批准的医疗卫生机构承担职业健康检查工作。
152,因过失对应当上报的事故或者事故发生的时间、地点、类别、伤亡人数、直接经济损失等内容而未报的，属于( )。
153,安全监管部门应当按照《职业病防治法》的规定，及时提供日常监督检查信息，督促用人单位提供职业病诊断鉴定有关资料；根据相关部门机构的申请，组织现场调查，及时反馈调查结果资料；若劳动者对用人单位提供的工作场所职业病危害因素检测结果等资料有异议，在( )内对异议作出判定；若劳动者的用人单位解散、破产，无用人单位提供工作场所职业病危害因素检测结果等资料，在30日内对工作场所职业病危害因素情况作出判定。
155,由机械、物质或环境的不安全状态而导致事故发生的，属于( )。
157,对潜在事故、可能的次生与衍生事故进行分析并说明所采取的预防和控制事故的措施属于应急预案的( )方面内容。
158,说明事故现场应急行动结束后所需采取的清除和恢复行动属于应急预案的( )方面内容。
159,用人单位应当为劳动者建立职业健康监护档案，并按照规定的期限妥善保存。职业健康监护档案应当包括劳动者的职业史、职业病危害接触史、职业健康检查结果和职业病诊疗等有关( )资料。
163,若最后用人单位能够证明劳动者的职业病是前一用人单位所致，则其医疗、生活保障费用等由( )承担支付义务。
167,向用人单位提供可能产生职业病危害的设备的，应当提供中文说明书， 并在设备的醒目位置设置( )和中文警示说明。
171,安全生产( )的实行，就是为了使组织中所有人都对安全工作建立责任感。
173,依据中华人民共和国环境保护法的规定，( )都有保护环境的义务，并有权对污染和破坏环境的单位和个人进行检举和控告。
174,工会的权利不是行政权、不是司法权，而是民主意义上、社会意义上法定的________和________。( )。
175,危险废物是指列入国家危险废物名录或根据国家规定的危险废物鉴别标准和鉴别方法认定的具有危险特性的废物。创建国家环保模范城市考核的危险废物主要是指工业危险废物和( )。
182,工业三废是指( )。
185,事故预防原理就是在安全生产管理工作应做到预防为主，通过有效的管理和技术手段，减少和防止( )和( )，从而使事故发生的概率降到最低。
186,用人单位工作场所存在职业病目录所列职业病的危害因素的，应当及时、如实向所在地安全生产监督管理部门( )危害项目，接受监督。
187,《安全生产法》规定，生产经营单位应当在较大危险因素的生产经营场所和有关设施、设备上，设置明显的( )什么。
191,机动车在高速公路上发生故障时，应当在故障车来车方向( )米以外设置警告标志。
194,伤员较大动脉出血时，可采用指压止血法，用拇指压住伤口的( )动脉，阻断动脉运动，达到快速止血的目的。
195,造成温室效应的气体主要有：氯氟烃、臭氧等气体等，被称为“温室气体”，其中不包括( )
196,成人口对口人工呼吸每分钟应为( )次。
197,"土壤污染通常为三种,废气,废水,废渣其中( )对土壤污染最大"
199,"从业人员经过安全教育培训,了解岗位操作规程,但未遵守而造成事故的,行为人应负( )责任"
200,教育和培训按等级、层次和工作性质分别进行，管理人员的重点是 ( )
201,环境监测的对象有：( )
202,根据基地明火作业管理规定，明火作业时氧、乙炔气瓶之间间距至少为( )米。
205,"头部发生创伤的人员, 在接受医生检查前, 采取下列急救措施中， ( ) 是不正确的。"
208,使用二氧化碳灭火器时，人应站在 ( )。
210,《女职工保护特别规定》规定，禁止安排女职工从事矿山井下、国家规定的第( )级体力劳动强度的劳动和其他禁忌从事的劳动。
212,《安全色》标准中，表示指令、必须遵守的颜色为( )。
213,皮带传动的危险部位主要包括( )。
214,遇到高楼发生火灾，下列处理措施中正确的是( )
216,危险物品的生产、经营、储存单位以及矿山、金属冶炼、建筑施工、道路运输单位的主要负责人和安全生产管理人员，应当由( )对其安全生产知识和管理能力考核合格。
218,生产经营单位对承包单位、承租单位的安全生产工作统一协调、管理，( )进行安全检查，发现安全问题的，应当及时督促整改。
219,健全落实安全生产责任体系，要细化各级党委、政府领导岗位安全生产职责，明确( )是本地区安全生产第一责任人。
220,落实安全生产绩效考核，加大安全生产考核力度，严格实行 ( )
222,参加工伤保险应由( )缴费。
224,安全生产的责任主体是( )。
225,隐患排查治理信息档案应当保存( )年以上。
228,《消防法》规定，进行( )等具有火灾危险作业和自动消防系统的操作人员，必须持证上岗，并遵守消防安全规程。
230,受《工伤保险条例》保护的职工是指( )。
231,用人单位对于刻意职业病人应当及时安排进行诊断，在此期间或医学观察期间( )劳动合同。
234,新《环境保护法》是2014年( )第十二届全国人大常委会第八次会议通过，实施日期为( )。
236,对因提供虚假证明遭到处罚的机构，依法( )其相应资质。
238,机械加工厂房内的噪声很大，很容易对作业者听力造成损害。为降低噪声危害，企业应优先选用的措施是(　)。
240,交通信号灯绿灯亮时：( )。
241,机动车行驶中，乘坐机动车正确的做法是：( )。
242,遇有交通信号灯、交通标志或交通标线与交通警察的指挥不一致时： ( )。
244,安全带使用( )年后应检查一次。
246,生产经营单位应对从业人员进行劳动防护用品相关知道的教育培训，使从业人员做到“三会”。 “三会”是指( )。
248,下列哪种人员不属于特种作业或特种设备操作人员。
250,使用叉车时，如运输的大型货物挡住驾驶员视线时，应( )。
251,未满( )周岁的学生不驾驶电动自行车。
252,生产安全事故应急工作涉及两个以上行政区域的，由有关行政区域( )负责。
253,在未设停放地点的，非机动车的停放( )。
254,三轮车、人力车载物，高度从地面起不得超过( )米。
258,A15 公里
260,C30 公里
262,《中华人民共和国道路交通安全法》中所称的“道路”是指：( )。
265,申请小型汽车、小型自动档汽车准驾车型机动车驾驶证的人，年龄应在( )周岁以上，70 周岁以下。
266,遇有骑自行车人超越行驶或互相追赶时，精神过分集中，易失去身体 平衡，以致横滑摔倒或与其它车辆想碰撞，须与其( )，避免并行，以免 发生事故。
267,夏天，驾驶车辆时，驾驶人应该：( )。
268,摩托车后坐不得乘坐未满( )周岁的未成年人。
270,机动车通过没有信号控制的人行横道时：( )。
271,非机动车因受阻不能正常行驶时，在受阻路段驶入机动车道行驶，机动车正确的操作是：( )。
272,车辆行经人行横道：( )。
275,公安机关核发临时行驶车号牌，不得超过( )次。
276,每张临时行驶车牌号的有效期限不得超过( )日。
278,新《上海市道路交通管理条例》将于2017年( )起施行
280,机动车应当从注册登记之日起，按照下列期限进行安全技术检验，下列哪项表述是错误的( )。
282,焊接时产生的有害粉尘和有毒气体进入人体的主要途径是( )。
283,重大危险源是指长期或临时生产、搬运、使用或者贮存危险物品，且危险物品的数量等于或者超过( )的单元。
288,起重作业过程中不准斜拉、斜吊，中午启动上升时应缓慢动作，不得突然起吊形成( )。
289,以下对报警电话描述不正确的是( )。
291,"公安消防队扑救火灾, ( )向发生火灾的单位、个人收取费用。"
292,电弧焊接时，为防止火灾爆炸事故。焊接处(　)内不得有可燃物、易燃物。
293,安全生产资金要纳入( )和( )。
296,由机械、物质或环境的不安全状态而导致事故发生的，属于( )。
297,心理活动属于导致事故发生的( )。
298,环境温度属于导致事故发生的( )。
299,个体劳动保护及保健费用( )属于安全投资。
300,培养和加强安全理智感是克服违章( )的有效手段。。
301,"发现燃气泄漏,要速关阀门,打开门窗,不能( )。"
303,安全效益具有下列( )特性。
305,拆除建筑物，应当按( )顺序进行。
307,( )必须分间、分库储存。
310,第一类危险源是指系统中存在的、可能发生意外释放的( )。
311,"在库房内( )放置电视机,收看电视节目。"
312,作业场所职业危害的( )取决于企业职业危害防治管理效能。
313,架空线路的下方( )堆放物品。
315,开展应急演练过程可划分为演练准备、( )和演练总结三个阶段。
316,以下属于职业危害物理因素的有毒有害物质是( )。
317,"《消防法》规定,举办大型集会、焰火晚会、灯会等群众性活动,具有火 灾危险的,主办单位应当制定( ),落实消防安全措施,并向公安消防机构 申报,经公安消防机构对活动现场进行消防安全检查合格后,方可举办。"
319,公众聚集场所在营业期间的防火巡查应当至少多长时间一次：( )。
323,为抢救受伤者需要移动现场某些物品时，必须做好( )。
325,燃烧是一种放热发光的( )反应。
326,在可燃气体中加入惰性气体会使气体的爆炸范围( )。
327,采取适当的措施，使燃烧因缺乏或隔绝氧气而熄灭，这种方法称作( )。
329,下列不属于事故报告必须包含的内容是( )。
332,班组长、安全员及带班师傅对新进人员进行的“传、帮、带”属于( )。
333,公安消防人员在灭火过程中，应当( )。
334,增强生产经营单位从业人员安全意识可以通过( )。
337,凡高度在( )m之内的传动部件、转轴、联轴节、飞轮、电锯等危险零部件及其危险部位，都必须设置防护装置。
338,生产经营单位必须对安全设备进行经常性维护、保养，并( )检测，保证正产运转。
340,《建设工程安全生产管理条例》第二十五条规定，特种作业人员必须经专门的安全作业培训，并取得特种作业(　 )证书．方可上岗作业。
342,车祸发生后会有外伤出血的现象，( )血管是最重要的部分，最好先检查。
343,火灾使人致命的最主要的原因是：( )
344,作业人员进入新的岗位或者新的施工现场前，应当经过(　)，未经教育培训或者教育培训考核不合格的人员，不得上岗作业。
346,生产经营单位的主要负责人在本单位发生重大伤亡事故后逃匿的，由谁处十五日以下拘留。( )
351,下列( )不属于生产经营单位的安全生产规定。
352,使用梯子登高作业，梯子不得缺档，不得垫高使用，如需接长使用，应有可靠的连接措施，且接头不得超过一处。梯子横档( )间距以为宜。使用时上端要固定牢固，下端应有防滑措施。
354,发现人员触电，应采取哪种方法使之脱离电源　(　)。
358,机动车行驶中，遇什么情况下不得超车？( )
360,以下人中应当经建设行政主管部门或者其他有关部门考核合格后方可任职(　)
364,重大事故的应急管理一般分为( )、准备、响应和恢复四个阶段。
367,输油站的生产区与办公区、生活区应有明显的分界标志，并设有“严禁烟火”等醒目的防火标志，同时要求( )。
368,在室外遇到雷雨时，下列哪种做法不容易出现危险？( )
369,搬运脊椎骨折病人严禁使用软担架的原因是( )。
376,发现火灾发生，最重要的是什么，这样才能及时扑救。( )
378,下面人员中，(　)需要接受安全培训。
380,下列使用安全帽的做法，那种不正确？( )
382,车间内的明、暗插座距地面的高度一般不低于( )多少米？
386,一旦发生火灾员工应沉着冷静，面对发生火灾时要坚持遵循“先控制后消灭，救人重于救火，先重点后一般”和( )的原则。
387,对受伤人员进行急救的第一步应该是( )。
388,应急发电期间，至少留有( )名技术人员值守。
389,当遇有( )以上大风时应停止脚手架搭设与拆除作业。
392,保险丝应使用哪种金属材料( )。
399,如果发生( )，应使患者迅速离开高温作业环境，至通风良好的阴凉处安静休息，给予含盐清凉饮料，必要时给予葡萄糖生理盐水静脉滴注。
401,凡在( )以上悬空作业人员必须系好安全带，若悬空作业点没有挂安全带的条件时，施工负责人应设置安全拉绳或安全栏杆等。
403,灯具安装高度：室内一般不低于2.5m；室外不低于3m。一般办公室、住房等220V灯具安装高度应为( )m。
404,施工单位在自行采购特种防护用品时，应向经销商索取有效的“三证一票”，以备监理单位审查。“三证一票”是指( )。
405,特殊脚手桨和高度在(　)米以上的高大脚手架，必须有设计方案。
406,安装外墙门、窗、空调机，作业人员一定要先行系好安全带，将保险钩挂在( )上，并设专人加以监护，以防脱钩酿成事故。
407,施工单位主要负责人，依法对本单位的安全生产(　)负责
408,以下哪种症状为先兆中暑？( )
410,甲类危险物品仓库与其他建筑物的防火间距不应小于( )m。
411,停电检修时，在一经合闸即可送电到工作地点的开关或刀闸的操作把手上，应悬挂如下哪种标示牌？( )
413,机床上的低压照明灯，其电压不应超过( )V。
415,在设计、制造、安装、调整、使用、查找故障和维修、拆卸及处理这些机器产品的寿命周期各环节中，决定机器产品安全性的最关键环节是( )环节。
417,对于工伤事故中停止呼吸和心跳的伤员，在( )内抢救成功率极高。
418,进行设备安装前施工的工具必须进行( )，如缠绕绝缘胶布。
419,以下( )出血最具危险性，如不及时处理将造成生命危险。
420,生产经营单位的特种作业人员必须按照国家有关规定经专门的安全作业培训，取得特种作业操作( )，方可上岗作业。
421,使用灭火器扑救火灾时要对准火焰( )喷射。
423,头部发生创伤的人员，在接受医生检查前，采取下列急救措施中，( )是不正确的。
425,用来表达特定的安全信息含义的标志，称为安全标志。安全标志由安全色、几何图形和图形符号三部分组成。安全标志分为禁止标志、警告标志、指令标志、提示标志。( )的基本型式是正三角形边杠，图像是黑色，背景是黄色。
426,机房严禁使用碘钨灯等高热灯具，灯具的安全距离应大于( )米；灯线的连接要采用固定的分路连接器。
427,为防止电焊弧光伤害眼睛，应采取的防护方式是使用方法(　)。
429,三线电缆中的红色线是( )。
430,油锅着火，最简单的扑救方法是( )。
431,在室外遇到雷雨时，下面哪种做法不容易出现危险？( )
432,建设工程施工前，施工单位负责项目管理的技术人员应当对有关安全施工的技术要求向施工作业班组、作业人员做出详细说明，并由双方( )。
433,使用炉灶点火时，必须遵循( )的程序。
436,触电者脱离电源后，如果心脏已停止跳动，应如何处理？( )。
439,酒精火灾，不能用( )进行扑救。
441,在楼房内装机引线时，(　)引线，以防与电力线相触造成人身事故。
442,剧毒化学品在公路运输途中发生被盗、泄漏等情况时，承运人及押运人员必须立即向当地( )报告。
443,发生人身触电事故，在进行救护时，首先应采取什么措施　(　)。
444,特种作业人员必须是初中以上文化程度，具备相应工种的安全技术知识，参加国家规定的( )考核并成绩合格；
445,职业卫生概念不包括以下哪项。
446,安全带是进行高处作业人员预防坠落伤亡的个体防护用品，安全带的正确使用方法是( )。
448,以下属于职业危害生物因素的有毒物质是(　)
450,铣床工作的不安全因素主要是高速旋转的( )。
451,“必须戴防毒口罩”属于安全标志中的( )。
452,静电电压最高可达( )，可现场放电，产生静电火花，引起火灾。
453,如果工作场所潮湿，为避免触电，使用手持电动工具的人应( )
456,下面对登高作业的叙述不正确的是：( )
457,严重创伤出血的救治有哪几种止血方法？( )
458,发现人员触电，首先应采取的措施是( )。
459,发现先兆中暑的情况，应当怎样救治？( )
461,存在职业病危害的用人单位，应当委托具有相应资质的职业卫生技术服务机构，每年至少进行职业病危害因素检测的次数是( )次。
463,设备开箱作业时，以下那些操作错误(　)。
464,白炽灯、高压汞灯与可燃物、可燃结构之间的距离不应小于( )cm。
465,死亡多少人以上的火灾应定位为特大火灾？( )
470,很多固体和不挥发性液体，受热后先分解产生可燃气体，再与氧气发生氧化反应而燃烧，这种燃烧称( )。
472,气瓶的瓶体有肉眼可见的突起(鼓包)缺陷的，应( )。
473,根据《建筑工程安全生产管理条例》，建设工程实行总承包的，(　)对施工现场的安全生产负总责。
475,重一点的烫伤应立即用冷水冲洗不少于( )分钟。
479,施工单位对工程施工中出现的质量事故应按要求及时、如实上报和认真处理，并在施工过程中执行通信建设工程( )。
481,对办公室的布置应以有效、方便、( )为原则。
482,使用的电气设备按有关安全规程，其外壳应有什么防护措施？( )
484,手用工具不应放在工作台边缘是因为( )。
486,在带电设备周围严禁使用( )、皮卷尺、线尺等导电体进行测量工作。
487,检修高压电动机时。下列哪种行为错误？( )
489,点火延迟时间的对数与物质的自燃点成( )。
491,配电盘(箱)、开关、变压器等各种电气设备附近不得( )。
492,下列( )爆炸前后物质的组成和性质都发生了变化
496,施工现场必须设置消防车道其宽度不得小于(　)。
497,以下哪些建筑物和构筑物一般容易遭受雷击( )
504,从业人员应认真学习并掌握安全生产方面的的有关知识，认真进行巡回检查，正确分析，判断和处理各种事故隐患和不安全因素，把事故消灭在( )
509,离开特种作业岗位达( )个月以上的特种作业人员，应当重新进行实际操作考核，经确认合格后方可上岗作业。
510,平面交叉口可以设置在( )。
511,民用照明电路电压是以下哪种？( )
512,旅馆、公共娱乐场所、商店、地下人员密集场所未按规定设置( )的，为重大隐患。
514,发现人员触电时，应( )，使之脱离电源。
515,建筑物起火的( )分钟内是灭火的最好时机，超过这个时间，就要设法逃离火灾现场。
517,各种触电都有危险，在以下的通电途径中，从( )的通路为最危险。
519,着火逃生时，如有浓烟，撤离时，应( )，如果没有防毒面罩，可用湿毛巾等紧捂嘴巴，并屏住呼吸，此时不要大声呼叫。
522,负责对安全生产进行现场监督检查的人员是：(　)
524,下列哪种不是正确解救触电者的方式( )。
525,对于消防安全事故的发生应及时拨打( )
528,在35千伏以上电力线下方或附近作业，必须严防与电力线接触。在进行架线、紧线和打拉线等作业，应保证最小空中距离为( )米。
529,从事易燃易爆作业人员应穿( )，以防静电危害。
530,下列紧性中毒处理方法叙述正确的有：( )
531,对于脊柱受伤的伤员，采取下列运送方法中，( )搬运是正确的。
532,国家规定：施工单位应在以下期限内对管理人员和作业人员至少一次安全生产教育培训(　)。
533,电磁辐射对人体的危害主要表现在它对人体神经系统的不良作用，其主要症状是( )。
534,施工现场的电力系统严禁利用大地作( )。
535,消防工作方针是( )。
536,属于你公司责任(或管辖范围)的重大事件、安全事故，项目经理要在发生( )，通过电话将情况如实通报给安全保障部。
537,雷电流引起跨步电压。当人在雷电落地点周围( )米范围内行走时，两只脚之间就会有跨步电压，造成人身触电事故。
539,烟头的表面温度为200～300℃，其中心的温度可达( )，大多数可燃物的燃烧点都低于这个温度。
540,金属梯子不适于以下什么工作场所？( )
542,触电者停止呼吸、心脏不跳动，如果没有其他致命的外伤，应视触电为假死，必须立即在( )进行人工呼吸抢救，即使请医生和送医院途中也不准停止抢救。
543,工程总承包项目的“生产安全事担应急救援预案”应由(　)单位统一组织编制。
544,使用电气设备时，由于维护不及时，当( )进入时，可导致短路事故。
548,劳动防护用品必须具有“三证”，不属于“三证”的是( )。
549,交通报警电话是( )。
550,雷电放电具有( )的特点。
555,当有异物进入眼内，采用以下方法中，( )不正确。
557,从业人员的本生产经营单位内调整工作岗位或离岗( )以上重新上岗时，应当重新接受车间(工段、区、队)和班组级的安全培训。
560,安全生产管理是针对生产过程中的安全问题，进行有关( )等活动。
561,火灾脱身方法中不正确的是( )。
562,机动车在道路上发生故障，需要停车排除故障时，驾驶人应当立即开启( )。
563,对违反安全生产法规的行为，造成重大后果的，要追究法律责任，根据情节轻重分别给予行政纪律处分、经济处罚，直至( )
564,进行上下主体交叉施工时，任何时间、任何场合都不允许( )操作。
566,在高楼，不要试图从窗口跳出去，应该用衣物等打信号，让消防队员知道你的存在。然后尽量贴近( )，因为那里烟气量较少，在没有防毒口罩的情况下用湿布掩住口鼻，等待消防队员救你出去。
570,《安全生产法》立法宗旨是“为了加强( )监督管理，防止和减少生产安全事故，保障人民群众生命和财产安全、促进经济发展”。
571,高空作业的施工人员，应( )。
572,机动车发生交通事故，造成道路、供电、通讯等设施损毁的，驾驶人应当报警等候处理，不得( )。
573,按照《生产安全事故报告和调查处理条例》，下列那一项属于较大事故？( )
575,静电电压最高可达( )V，它可发生现场放电，产生静电火花引发火灾。
579,10千伏以下带电体与人体的安全距离最小是？( )
580,火场逃生遵循什么样原则？( )
582,移动式操作平台面积不能过大，一般不超过10㎡，高度不超过( )m。
587,乘客在乘用自动扶梯或者自动人行道发生摔倒等异常情况时，紧急停止按钮设在该电梯的( )。
588,电气安全主要包括人身安全、( )安全。
589,生产经营单位发生生产安全事故造成人员伤亡、他人财产损失的，应当依法承担赔偿责任；拒不承担或者其负责人逃逸的由(　)依法是强制执行。
590,建筑物起火后( )分钟内是灭火的最好时间。
591,安全防护措施是施工组织设计的重要组成部分，为切实规范安全防护措施的编制、审批、实施工作，从而进行控制和消除施工过程中的隐患，从　上和　上保证安全生产。( )
594,当硫化氢含量达到安全临界浓度( )mg／m3时，现场作业人员应佩戴正压式空气呼吸器。
597,生产经营单位的主要负责人，对本单位的安全生产工作怎样负责。( )
598,《中华人民共和国安全生产法》中设定的法律责任有刑事责任、行政责任和(　)三种
600,防止气瓶瓶体受撞击的保护设施是( )
601,扑灭电气类火灾可用以下哪种方法( )
605,在照明不足的场所作业时，除了穿戴安全帽等必备的劳防用品，还必须穿戴( )。
607,防火用品本身的失效就意味着( )的消失。
608,电梯、客运索道、大型游乐设施的运营使用单位应当将电梯、客运索道、大型游乐设施的安全注意事项、警示标志和安全检验合格标志置于( )。
609,贮存危险化学品的建筑物、区域内严禁吸烟和( )。
610,突发事件应急工作应当遵循怎样方针？( )
612,在隐患排查治理工作中企业的法定代表人要负( )
615,叉车载货下坡时，应( )。
616,人员密集场所的安全疏散门、楼梯、通道应设应急照明设备，且应急照明时间不得少于( )分钟。
617,触电事故中，绝大部分是( )导致人身伤亡的。
618,下列哪种物品不得放在地下或半地下室内。( )
619,安全生产责任制的实质是什么？( )
620,当发生异常情况时，可利用( )使停车设备立即停止。
621,检修设备时，应该挂( )安全警示标牌，以提醒人们注意。
622,消防管道必须与其他管道有明显的区别，颜色一般为( )。
623,事故应急管理不能局限于事故发生后的应急救援行动，完整的应急救援包括( )阶段。
624,事故应急救援的目标是尽可能减少人员伤亡和财产损失，下列不属于应急救援基本任务的是( )。
626,公共娱乐场所和危险性作业场所，必须设置安全通道，出入口不少于2个，门窗应采用( )。
630,国家规定，生产经营单位未按照规定设立安全管理机构或者配备安全管理人员的，责令限期改正，逾期未改正的，责令停产停业整顿，可以并处(　)万元以下的罚款
632,通信管道挖土施工时，在沟深( )米以上的沟坑内工作，必须头戴安全帽，以保安全。
636,高处作业人员在上下时，不得乘坐货梯和非载人的吊笼，必须( )上下。
639,《安全生产法》是何时起施行的(　)
642,地震发生时，正确的避震逃生办法是( )。
643,人员如需要在有用电设备的潮湿场所作业应事先请持有( )的专业工人先检查线路及其他物体是否漏电，确认安全才可进行场地开工。
645,工作人员在工作中正常活动范围边沿与10KV设备带电部位的距离小于( )米时应将带电设备停电。
649,下列有关使用漏电保护器的说法，哪种正确？( )
650,有限空间作业场所含氧量低于( )时，严禁入内以免造成窒息事故。
651,对成人进行心脏按摩时，操作人员肘部要伸直，用身体的力量将伤者胸部向下按压约( )厘米。
652,( )是指容易发生人员伤亡事故，对操作者本人、他人及周围设施的安全有重大危害的作业。
654,建筑工程安全生产管理必须坚持(　)的方针
655,在提运手提式泡沫灭火器灭火时，灭火器应( )以免两种药液混合。
656,漏电保护器的作用主要是防止( )
658,在旷野孤立的或高于( )的建筑物和构筑物，建筑物群中高于25m的建筑物和构筑物一般都容易遭受雷击。
659,安全带绳子直径不少于( )mm，捻度为8.5－9／100(花／mm)。
660,被确诊患有职业病的职工，职业病诊断机构应向其发放《职业病诊断证明书》，并享受国家规定的( )。
661,交流弧焊机变压器一次侧电源线长不应大于( )m。
662,重大危险源的辨识依据是物质的( )和( )。
663,从事一般性高处作业脚上应穿( )
664,可造成人员死亡、伤害、职业病、财产损失或其他损失的意外事件称为( )。
665,《建设工程安全生产管理条例》第六十四条规定，施工单位在施工前未对有关安全施工的技术要求作出详细说明或在尚未竣工的建筑工程物内设置员工集体宿舍，责令限期改正，逾期未改正的责令停业整顿，并处(　)的罚款，造成重大安全事故，构成犯罪的，对直接责任人员，依照刑法有关规定追刑事责任。
666,下列可以造成职业性白内障的职业危害因素是( )。
668,在安全验收评价中，下列不属于电气安全评价范围的是( )。
671,在安全生产工作的对象中占第一位的是什么　(　)。
672,发生触电事故的危险电压一般是从( )伏开始的。
675,设备安装过程避免碰触电路板内的任何电子元件，必须佩带( )。
676,熟练掌握个人防护装备和通讯装备的使用，属于应急训练的( )
678,《安全生产法》指明了实现我国安全生产的三大对策体系，首先是事前预防对策体系，二是事故应急救援体系，第三是建立( )。
681,拆除建(构)筑物，应自上而下对称顺序进行，先拆除非承重结构，再拆除承重的部分，不得( )同时拆除。
682,生产经营单位主要负责人在本单位发生重大安事故时，不立即组织抢救或者在事故调查处理期间撞离职守或者逃逸的，给予降职撤职的处分，对遗匿的处(　)日以下拘留，构成犯罪牟依照刑事法有关规定追刑事责任。
683,《中华人民共和国安全生产法》于2002年6月29日由九届全国人民代表大会常务委员会第28次会议通过，2002年6月29日中华人民共和国主席令第70号公布，自( )起施行。
685,发电时理想环境应为( )
686,在使触电者脱离电源的过程中，救护人员最好( )，以防自身触电。
690,货运机动车不准( )混载。
691,施工现场的配电箱，为了防止雨水和沙尘侵入电器，配电箱导线的进出口必须设在(　)
693,液化气罐( )在地下室使用。
694,装用漏电保护器，是属于哪种安全技术措施？( )
695,安全带应注意维护的保养，( )带股有否断裂和磨损，保证它经常处理完好状态。
696,电压在6KV以下人体与带电体必须保持的安全距离为( )。
700,作业人员必须距离低压电线　以上、高压电线　以上。( )
701,国际规定，电压( )伏以下不必考虑防止电击的危险。
702,电气设备着火后，应如何扑救　(　)。
703,施行人工呼吸时，当伤者出现极微弱的自然呼吸时，应( )。
704,在救火中，一旦身上着了火，万万不能跑，如果衣服能撕裂脱下时，应尽可能地脱下浸入水中或踩灭，如果来不及脱，则可以( )，把火窒息。
706,在有坠落危险的高处作业处，应系好安全带，安全带应(　)挂在牢靠处。
707,在高楼火灾中，万一衣服着火，可就地打滚压灭火苗，( )带火奔跑。
709,为预防火灾发生要求在厂房内的适当地方应贴挂( )。
710,在无外界火源的条件下，物质自行引发的燃烧的( )称之自燃点。
711,建筑施工企业的管理人员强令他人违章冒险作业，因而发生重大伤亡事故或者造成其他严重后果的，依法追究(　)责任。
713,移动式电动工具电源线引线长度不应超过( )米。
714,国家规定：生产经营单位使用国家明令淘汰、禁止使用的危险生产安全的工艺、设备的，责令限期改正，责令停止建设或者停产停业整顿，井处(　)万元以下的罚款。
715,要求设备操作人员做到“三好”，其含义是( )。
716,发电期间应优先向以下哪种设备供电( )
718,从起火房间撤离应( )，不要站立开门，因为1.5m以上的空间里一氧化碳浓度高。
719,按GB50140-2005规定，物体带电燃烧的火灾是哪一类火灾( )
720,乙醇着火燃烧，不能用哪一种灭火器来灭火( )
721,《公安消防部队执行条令(试行)》中规定的灭火战术原则是什么( )
724,人员密集的公共场所观众厅的入场门、太平门不应设置门坎，门内外几米范围内不应设置踏步( )
725,疏散标志牌设在墙面上时，标志牌的上边缘距地面应不应大于多少米( )
729,干粉灭火剂的主要灭火作用是什么( )
731,手提式灭火器挂在墙上，其顶部一般离地面高度不应大于多少米( )
732,下列哪一种灭火器配置是错误的( )
733,可燃气体火灾场所不应配置哪种灭火器( )
734,仓库内的气瓶放置要整齐，立放时要妥善固定，横放时头部朝同一方向，跺高不得超过( )层。
735,哪种灭火器适用于扑灭可燃固体、液体、气体火灾和带电火灾( )
736,在国内，下列哪类建筑物适用于《建筑设计防火规范》GB50016—2006( )
739,水能够灭火主要靠什么作用( )
740,乙醇的闪点是12℃、苯的闪点是-11℃、丙酮的闪点是-20℃，这三种可燃液体相对哪一种的火灾危险性最大( )
741,乙醚的自燃点170℃、甲醇的自燃点是455℃、苯的自燃点是555℃，这三种可燃液体相对哪一种最容易自发着火( )
742,已知某混合气体中甲烷占80%，乙烷占20%，甲烷爆炸下限为5%，乙烷爆炸下限为3.22%，此混合气爆炸下限是什么( )。
743,厨房石油气炉与胶管连接处泄漏石油气引起火灾，在救火时下面哪种方法是不正确的( )
745,下列哪种灭火器配置是正确的( )
749,与乙炔接触的器具不能用什么材料制造( )
750,在国内，公众聚集场所在营业期间必须进行防火巡查，至少每几小时巡查一次( )
752,在国内，重点消防单位至少每几年进行一次灭火和应急疏散演练( )
758,按火灾分类的标准，B类火灾是指什么火灾( )
760,发生可燃气体火灾时，若将火焰扑灭但没有切断可燃气体的供给会有什么危险( )
762,下列哪些灭火方法是正确的( )
763,在狭窄及空气不流通的地方，使用二氧化碳灭火筒，可能构成下列哪一种危险( )
764,下列哪一类灭火筒，不应用作扑灭易燃液体引起的火警( )
765,塑料物料是可燃物质，尤以粉状时与空气混合可形成下列哪一种危险浓度( )
766,染有油污或易燃液体的布屑需用下列哪一种容器来盛载( )
768,在火警发生时，下列哪一项措施可使工厂内工人迅速地逃往安全地方( )
769,下列哪一种是易燃气体( )
770,下列哪一种液体的闪点最低( )
777,若工厂内发生火警，应依照下列哪一种方法安全逃离现场( )
780,热力的传播方法有传导、对流及下列哪一项( )
781,环境管理体系关注的主要对象是( )
782,火警发生时，使用灭火筒应站在下列哪位置( )
783,火警发生时，下列哪一项是正确的紧急应变措施( )
786,下列哪一项是正确的防火措施( )
787,手控火警钟系统，其功能除启动后能通知楼宇内其它人士知悉火警发生外，还有下列哪一项作用( )
789,在浓烟中逃生，若没有防烟面罩，应以湿毛巾掩口鼻及做甚么以避免吸入致命浓烟( )
790,灭火有3种基本的方法，包括冷却法、窒息法和下列哪一项( )
791,下列哪一项是将大量易燃液体从一个容器输送入另一容器时，须将该金属容器接地的原因( )
792,如果不幸被困于火场，下列哪一项是正确的处理方法( )
793,下列哪一项是「爆炸极限」的定义( )
794,在内地，进入井道的工作人员严禁携带甚么物品( )
795,下列哪一项是隔烟间之作用( )
796,车工开车床时不应使用哪种个人防护用品( )
797,加油站的加油工不应穿哪一种鞋( )
800,下列哪些操作工在操作设备时不能戴手套( )
801,车工上班时下列哪些穿着是符合安全要求的( )
802,对接触有毒粉尘的工人应选用哪种口罩( )
804,进行烧焊时，佩戴哪种物料制造的手套会较适宜( )
805,下列哪一种个人防护用具是进行电子底板点焊、剪脚等工序时应戴上( )
806,下列哪一种是隔音效能最佳的用品( )
807,工作服须合适贴身，不可宽松过长以避免甚么( )
808,任何人士进入听觉保护区工作时要遵从下列哪事项( )
809,于个人防护用品上印有“CE”标志，有甚么含意( )
811,安全带的正确扣法应该是( )
813,下列哪一种不是安全鞋能给予用者的保护( )
814,工人在甚么情况下可以在悬吊的货物底工作( )
816,下列哪一项是建筑业安全鞋所需( )
818,采用全身式安全带较腰带式安全带为佳，原因是于堕下时可减低下冲力，减轻使用者身体哪一部份造成的伤害( )
819,在照明不足的船上处理货柜时，除了佩戴安全帽及穿上安全鞋外，还须穿戴下列哪一项物件( )
821,下列哪一项不是防堕缓冲器摆放于高过使用者头部位置的主要原因( )
823,下列哪一项不是妥善选择个人防护装备时的主要考虑因素( )
826,进入密闭空间拯救晕倒的工人，应佩戴下列哪一种个人防护装备( )
828,安全带正确的挂扣点应该是：
831,下列哪项不是生产安全事故的直接原因( )
834,在国内，建立职业安全健康管理体系的企业应向哪个单位申请审核与认证( )
836,在国内，生产经营单位新建、改建、扩建工程项目的什么设施，必须与主体工程同时设计、同时施工、同时投入生产和使用( )
839,在国内，下列哪类企业要取得安全生产许可证才能从事生产经营( )
840,下列哪种措施是一种常用的控制能量或危险物质的安全技术措施( )
843,以下哪种伤害不属于起重伤害( )
844,企业安全生产管理人员对安全检查中发现的问题应当如何处理( )
847,企业对员工进行安全生产培训和教育的主要目的是什么( )
848,企业组织员工进行安全生产教育和培训、员工应如何对待( )
850,在国内，企业不应安排下列哪些职工上夜班和加班( )
851,在国内，企业不能安排下列哪些职工从事第三级体力劳动强度的劳动( )
852,安全投入资金具体由谁来保证，依据该单位的性质而定。一般来说，股份制企业、合资企业等安全生产投入资金由谁来保证( )
853,下列不属于安全生产投入形式的是( )
856,下列哪一项是企业推行安全政策时应注意的( )
859,下列哪一项是最有效改善企业整体安全水平的方法( )
864,为何要事先让员工知道公司有安全审核的进行( )
866,下列哪一项是安全巡查的主要目的( )
871,下列哪一项是风险评估的惯常步骤( )
872,安全巡查、安全审核及下列哪一项行动都能就机构的职业安全健康事宜发挥监察作用( )
873,对工作危害作风险评估时，风险高低主要考虑两大因素，一是参考该意外发生的可能性，另一是下列哪一项( )
874,下列哪一项是「不安全行为」的例子﹖
875,下列哪一项并非紧急应变计划的目的( )
876,安全审核是用一套方法制度来定期检讨下列哪一项的执行状况及成效，并评估是否需要作出修改或更新( )
878,工地座谈(ToolBoxTalk)惯常的形式是下列哪一种( )
879,下列哪一项是积极性的监察方法( )
880,根据适当的工作安全程序，当有需要进入密闭空间工作的人员，应先行：
883,控制噪音，管理层或安全人员应先从下列那些途径入手( )
884,按GBZ1-2002规定，日接触噪声4小时，工作地点噪声声级的卫生限值是多少( )
885,在炎热季节对高温作业工种的工人应供应含盐量为0.1%~0.2%的清凉饮料，饮料水温不宜高于多少度( )
888,下列哪种毒物可致再生障碍性贫血、白血病( )
890,哪种降噪措施可以减弱反射声的强度( )
892,下列哪种过程中产生的粉尘的危害性最大( )
893,下列哪种作业环境发生中暑的机会大( )
896,紫外线是属于哪一种电磁辐射( )
899,下列哪一项不属于新环保法立法的目的？( )
900,企业事业单位和其他生产经营者违法排放污染物，受到罚款处罚，被责令改正，拒不改正的，依法作出处罚决定的行政机关可以自责令改正之日的()起，按照原处罚数额( )
901,在接触强噪声的环境下从事哪种作业会加重噪声对人体的危害( )
905,大面积皮肤烧伤的人，不应从事以下哪些作业( )
907,对从事接触职业病危害的作业的劳动者进行上岗前的健康检查的目的是什么( )
908,对从事接触职业病危害的作业的劳动者进行健康检查的费用由谁承担( )
909,环境保护坚持保护优先、预防为主、综合治理、( )、损害担责的原则。
910,以下控制职业危害的措施有多少种可以用于高温危害控制( )(1)以自动化和机械化生产替代人工操作；(2)向工人的作业点送干燥的冷风；(3)采用合理的厂房建筑设计和工艺布置，使车间内有较好的自然通风。
913,苯慢性中毒会损害造血系统，使血小板减少产生出血倾向。鞋厂用的胶水以苯作溶剂，多位涂胶的工人反映容易流鼻血和刷牙时牙龈出血，此时应如何应对( )
914,在城市市区范围内，向周围生活环境排放建筑施工噪声的，应当符合国家规定的( )
915,全国统一的环境问题举报热线电话是( )
916,下列废弃物中哪个不属于危险废弃物的是( )
918,长期暴露于高度噪音中，会引致工人健康有下列哪一问题( )
919,下列哪一项，可引致控制视力之肌肉劳损( )
920,生产微型电路组件金属底板的啤机，在其操作时可导致下列哪一个问题( )
921,不应随便拆除电灯罩，因它可发挥下列甚么功用( )
922,工人在存有噪音危害的环境内工作时，其雇主应先考虑下列哪一种方法来改善( )
923,根据基地环保工作要求，夜间厂界噪声限值为( )dB
924,检查气体管道是否漏气时，通常采用( )来寻找漏气点。
926,防止毒物危害的最佳方法是( )
927,下列哪一项听觉保护方法，并不归入工程控制范围内( )
928,下列哪一项是局部通风的主要目的( )
929,从事易燃易爆作业的人员应穿()，以防静电危害。
931,在我国禁止生产经营单位录用童工，童工是指未满( )周岁的工人，
932,电流为( )毫安时，称为致命电流。
933,下列哪一种方法应优先考虑采用，来保障工人健康，以免受硅尘危害( )
936,在金属容器内焊接时，所使用的手提照明灯应采用( )安全电压。
940,下列哪一项是属于物理因素所引致危害( )
942,下列哪一项属于工程控制的方法( )
943,起重机械所用的钢丝绳在使用时，每月至少要润滑( )次
944,危险化学品( )必须为危险化学品事故应急救援提供技术指导和必要的协助。
945,辐射接触对人体健康之影响程度，与下列哪一项没有关系( )
946,发生危险化学品事故，有关地方( )应当做好指挥、领导工作。
948,减压病主要由于下列哪种溶于体内的气体产生气泡所导致的病症( )
949,在保护接零系统中，用( )绝缘导线代表保护零线。
950,进行腐蚀品的装卸作业应该戴( )手套。
953,国家二级标准化企业由( )考评机构承担复评。
955,一级重大危险源必须逐级上报至( )安全生产监督管理部门。
958,事故现场得以控制，环境符合有关标准，导致次生、衍生事故隐患消除后，经事故( )批准后，现场应急结束。
959,轻伤是指损失工作日低于( )日的暂时性全部或部分丧失劳动能力的伤害。
961,活性碳吸附剂适合采集空气中甚么物质( )
963,我国职业病防治工作原则是：分类管理、( )治理。
965,应急预案生效并执行时间超过( )时间时，应进行应急预案的修订。
966,( )是安全生产法律法规和安全规章制度的直接执行者，( )对本岗位的安全生产负直接责任。
967,依法组织职工参加本单位安全生产工作民主管理和民主监督的机构是( )。
968,下列哪一项不属于物的不安全状态？( )
969,海因里希法则指出事故后果为严重伤害、轻微伤害、无伤害的事故件数之比为( )
970,机器设备上的紧急停止开关( )作为一般操作的停止开关使用。
971,进入缺氧密闭空间必须使用( )。
972,车间中各机械设备之间的通道宽度不得低于( )米。
973,在梯子上作业时，梯子与地面之间的角度应为( )度。
974,在生产、使用、储存氧气的设备上动火作业时，设备中氧气含量不得超过( )。
976,密闭空间主要是指任何经常被围封、出入时较困难、可能有危险气体积聚或缺氧以及:
978,危化品防爆车间采取通风措施的最主要目的是( )。
979,在国内，脚手架拆除时，下面哪种行为属违章( )
982,下列哪种作业可以不系安全带( )
983,以下使用卷扬机的行为哪些是不属于禁止的( )
985,编制施工组织设计方案时，必须制定有针对性、实效性的( )。
987,人的不安全行为在施工现场的类型，按《企业职工伤亡事故分类标准》(GB6441—86)标准，可分为( )个大类：
989,施工现场必须设立消防通道，通道宽度不小于( )。
990,起重机的附着锚固应符合的要求，在附着框架和附着支座布设时，附着杆倾斜角不得超过( )。
996,圆盘锯在木料锯到接近端头时，操作者应( )。
997,脚手架拆除时，( )。
999,企业在安全生产许可证有效期内严格遵守有关安全生产的法律法规，未发生死亡事故的，安全生产许可证有效期满时，经原安全生产许可证颁发管理机关同意，不再审查，安全生产许可证有效期延期( )年。
1000,从事建设工程活动，必须严格执行基本建设程序，坚持( )的原则。
1004,电气设备的金属外壳必须与( )。
1005,贮量大的易燃仓库设( )大门，大门应向外开启。
1009,移动电焊机时，应切断( )。
1012,某单位违规利用长江岸线堆存工业固体废物以及建筑垃圾，堆场周边建设用地土壤存在污染风险。该企业行为违反了哪条环保红线底线？（）
1013,新环保法规定，排放污染物的企业事业单位和其他生产经营者，应当按照国家有关规定缴纳 。（）
1014,下列关于环境应急准备和响应管理方面的的描述，正确的是（）
1016,根据《固体废物管理规定》，下列说法正确的是（）
1017,下列关于雨污水管网的描述，正确的是（）
1018,关于环境标准，下列说法错误的是（）。
1019,根据国家《排污许可管理条例》要求，环境管理台账记录保存期限不得少于（）
1020,在市区噪声敏感建筑物集中区域内，禁止夜间进行产生环境噪声污染的建筑施工作业，其中，“夜间”是指哪个时间区间？（）
1021,企业跨省、自治区、直辖市转移危险废物的，应当向什么部门申请（）
1023,危险废物贮存场地警告标志形状是 ；背景颜色是 ；图形颜色是 （）
1024,为强化VOCs治理，近年来公司落实了一系列措施，下列描述错误的是（）
1026,为降低土壤和地下水污染风险，各部门应建立健全污染预防管理措施，适时对涉及有毒有害物质的场所和设施设备开展特定的检查和维护，加强防渗漏、流失、扬散管理。下列不属于长兴分公司土壤和地下水污染隐患重点场所的是（）
1029,《中华人民共和国大气污染防治法》规定，被淘汰的设备（）。
1030,以下关于初期雨水的说法中，正确的是（）
1034,碳中和是指在一定时间内，通过植树造林、节能减排等途径，抵消自身所产生的二氧化碳排放量，实现二氧化碳（）
1035,《中华人民共和国水污染防治法》不适用于 的污染防治。（）
1036,推动碳减排，我国以 为主的能源结构转型势在必行。（）
1037,"以保障人体健康和正常生活条件为主要目标, 规定大气环境中某些主要污染物最高允许浓度的大气标准为（）"
1038,一般认为，我国酸雨形成的主要原因是 等酸性气体进入大气后，逐步形成酸性降水。（）
1040,以下属于次生环境问题的是（）
1042,以下说法不正确的是（）
1045,企业事业单位和其他生产经营者违法排放污染物受到罚款处罚，被责令改正，拒不改正的，依法作出处罚决定的行政机关可以自责令改正之日的 起，按照原处罚数额按日连续处罚。（）
1046,污染已经成为现代的城市的重要问题，通常说的城市环境“四害”是指 、 、 、 。（）
1048,工业三废是指（）
1050,实行排污许可管理的企业事业单位和其他生产经营者应当按照( )的要求排放污染物；未取得排污许可证的，不得( )。（）
1053,“白色污染”主要是指（）
1054,清洁生产的主要内容是（）
1055,VOCs对环境的影响不包括（）
1058,下列哪项不属于固体废物污染环境防治应该坚持的原则？（）
1063,生态文明建设需要严守的“三大红线”是什么？（）【多选题】
1064,根据《中华人民共和国环境影响评价法》规定，专项规划的环境影响报告书应当包括以下哪些内容（）【多选题】
1065,依照《中华人民共和国突发事件应对法》的规定，各级人民政府及其有关部门和企业事业单位，应当做好突发环境事件的哪些工作（）【多选题】
1066,什么情况下，企业主管人员和其他直接责任人员会被公安机关依法拘留。（）【多选题】
1067,企业应当采用 的工艺、设备以及废弃物综合利用技术和污染物无害化处理技术，减少污染物的产生。（）【多选题】
1068,以下属于环保五类案件的包括（）【多选题】
1069,根据国务院《水污染防治行动计划》规定，要严格环境执法监管，严肃查处建设项目环境影响评价领域哪些违法违规行为（）【多选题】
1070,排放污染物的企业事业单位，应当建立环境保护责任制度，明确( )和( )的责任。（）【多选题】
1073,我国环境标志产品的类型包括（）【多选题】
1074,企业由于突发事件造成水污染事故的，应该如何处置？（）【多选题】
1075,自然生态环境破坏突出表现在自然资源的破坏上，主要包括（）【多选题】
1077,下列属于危险废物的危害特性的是（）【多选题】
1078,我们日常工作和生活中产生的固体废物有哪些危害？（）【多选题】
1079,网格化管理的核心目的是()
1080,在网格化管理中，网格主要指的是()
1083,安全生产方针是()
1084,安全生产标准化工作是为了()
1087,《安全生产法》实施的目的是()
1093,在火灾逃生时，应选择()
1094,安全生产的核心要素是()
1095,安全生产的管理体系通常包括()
1097,安全标志存在的目的主要是()
1099,《安全生产法》规定的主要任务是()
1100,安全生产涉及的法律法规主要包括()
1101,在安全生产中，三级安全教育对象包括()
1107,在火灾发生时，使用灭火器的正确步骤为()
1108,在工作场所应急事件中，首要的原则是()
1112,企业在进行安全生产检查时应()
1113,从事危险作业的人员必须()
1115,消防安全培训应侧重于()
1116,在选用灭火器时，重要的选择标准是()
1117,在进行高处作业时，工人应佩戴()
1123,安全生产管理体系的核心是()
1125,落实安全生产责任制的主要目标是()
1126,在安全生产中，培训的目的是()
1127,噪音对工作人员的影响主要体现在()
1128,风险评估的第一步是()
1131,安全生产的法律法规主要目的是()
1133,下列哪个法律关系到职业病的防治？()
1134,发生安全事故后，企业应当在多长时间内进行事故报告？()
1135,根据《消防法》，火灾时单位应具备的基本措施是()
1136,哪种行为被视为违章作业？()
1137,企业制定应急预案的目的是()
1138,企业在安全生产工作中不需要关注的是()
1139,建筑物内的灭火器应放置在()
1140,火灾报警器的主要功能是()
1141,处理初起火灾时，最有效的措施是()
1142,遇到电器着火时，不应使用的灭火方式是()
1143,下列哪一行为是不应在消防安全知识培训中教授的？()
1146,在网格化管理中，对安全隐患的排查，应由()
1147,网格化管理实施过程中，信息的共享主要依赖()
1149,在危险品的储存中，应遵循的基本原则是()
1151,关于员工的安全培训，哪一点是正确的？()
1152,根据网格化管理要求，为了避免盲目施工，应该充分利用哪些方式进行技术交底和风险隐患交底？()
1153,根据网格化管理要求，在风险管理中，应针对哪些关键领域制定专项防范措施？()
1154,提高员工安全参与度的方法是()
1155,企业安全培训的主要目的是()
1156,根据《安全生产法》，企业主要负责人对安全生产工作承担的责任是()
1157,在进行危险源辨识时，首要的步骤是()
1158,“安全第一，预防为主”的安全生产方针强调()
1159,生产过程中的“隐患”通常是指()
1160,职业健康监护的重要性在于()
1161,对于易燃易爆物品的管理，下列说法正确的是()
1163,在进行安全培训时，最关键的内容是()
1167,应急预案中的“定期演练”目的主要是()
1168,企业安全管理中的“三个必须”包括()
1169,网格化管理的核心特点是()
1171,在网格化管理中，责任划分不明确可能导致()
1172,在火灾发生时，最重要的逃生原则是()
1173,关于灭火器的使用，以下说法正确的是()
1175,定期开展消防知识培训的目的是()
1177,在进行火灾隐患排查时，最应该注意的是()
1180,网格化管理可以提升什么样的管理效率？()
1182,网格化管理制度的建立需要哪个方面的支持？()
1184,网格化管理模式中，责任落实应该采取什么样的原则？()
1189,从事危险化学品生产和经营的单位，应遵循的法律法规是？()
1193,个人在高风险工作场所应佩戴的保护装备包括哪些？()
1197,消防隔离带的设置目的是什么？()
1198,简述事故调查的首要步骤是什么？()
1199,安全生产标志的主要作用是什么？()
1204,在推广安全文化中，领导者应肩负的首要责任是？()
1207,使用电动工具时，操作人员必须遵循哪些安全原则？()
1208,安全生产中的培训材料应包含哪些元素？()
1209,在进行危险品货物的存放时，需要避免的错误存放方式是？()
1210,对于长期接触噪声的工作环境，企业应采取的措施主要有哪些？()
1212,职业安全与健康教育应覆盖哪些层面？
1215,根据《安全生产法》，企业的主要责任是什么？()
1216,企业若违反安全生产法规可能面临的后果是？()
1217,特殊行业的灭火措施应优先考虑哪些因素？()
1218,对于建筑施工现场，必须遵循的安全措施有哪些？()
1219,在进行机械操作时，操作员应优先了解什么？()
1222,在职业健康安全管理中，如何定义“可接受风险”？()
1223,在整改安全隐患时，企业依法应制定的文件是？()
1224,如何开展安全文化建设活动？()
1226,严重违反安全规定的后果通常表现为？()
1227,在高温环境下工作的人员应采取的防护措施是？()
1228,在安全生产宣传中，宣传内容的关键应包括哪些方面？()
1232,在进行建筑施工时，人员的安全防护装备应包括哪些？()
1233,安全事故应急预案中的基本要素包含哪些方面？()
1234,安全生产中缺失个人防护装备的风险主要表现为？()
1235,在涉及化学危险品的操作中，工作人员应了解哪些相关知识？()
1237,在突发公共事件发生时，企业应采取的首要响应是？()
1238,安全管理体系的有效性评估应包含哪些内容？()
1239,在执行复杂的机械操作前，操作人员应该进行什么类型的安全评估？()
1240,在发生安全事故后，企业应如何处理与受害者的关系？()
1241,高风险岗位的员工进行安全培训时，应采用哪种方式最具有效性？()
1243,企业在制定年度安全生产计划时，优先考虑的应是？()
1244,在实施防火措施中，使用哪类材料能够最大程度地降低火灾风险？()
1247,企业在创建文化安全氛围时，可以采取哪些措施促进员工参与？()
1248,在国际标准和法律法规的遵循中，企业应如何处理各国安全标准的差异？()
1249,在实施安全生产标准化工作时，企业应该首先建立什么？()
1251,在制订事故应急预案时，关于信息沟通部分最重要的内容是？()
1254,针对高温作业的人员，企业在卫生和安全方面应采取哪些措施？()
1255,企业在推进安全生产文化建设时，领导层应如何着重作用？()
1256,对于危险化学品使用的培训，最有效的方式是什么？()
1258,在对生产设备进行周期性维护时，企业应优先确保哪个方面？()
1260,在突发安全事件发生后，企业应如何做好信息公开？()
1261,当发生工业事故时，企业应采取哪种方式进行事故调查？()
1265,在进行安全生产事故的原因分析时，企业应采用哪种方法进行深入剖析？()
1267,在企业的安全文化建设中，员工反馈的重要性体现在？()
1269,在制定事故应急演练计划时，应优先考虑哪些因素？()
1271,在进行职业健康检查时，企业需要关注哪些生理指标？()
1272,企业在制定安全采购政策时，应考虑的第一要素是什么？()
1273,在建设安全生产责任体系时，企业应明确什么样的激励机制？()
1277,在应对职业暴露情况下，企业应采取哪种合理的控制措施以保障员工安全？()
1278,企业在制定应急预案时，应考虑哪些方面以提高应急响应能力？()
1279,安全生产“五要素”是指()
1281,根据能量转移理论的概念，能量逆流于人体造成的伤害分为两类。其中，第一类伤害是指()。
1283,不属于生产经营单位主要负责人安全生产教育培训内容的是（）。
1284,特种作业人员安全技术考核的内容包括()
1287,以下属于物体打击伤害的选项是()
1288,按照职业安全健康管理体系的实施要求，下列哪些要素的活动需要建立并保持程序()
1289,指出下述不包括在重大事故救援体系之中的组织（系统）有()
1294,重大危险源()是预防重大事故发生，而且做到一旦发生事故，能将事故危害限制到最低程度。
1295,生产性粉尘中主要常见的类型是()
1296,下列因素中，可能引起白血病的因素是()
1297,以下不属于使用劳动防护用品的一般要求是()
1298,从业人员调整工作岗位或离岗一年以上重新上岗时，应进行相应的()安全生产教育培训。
1300,从事易燃易爆作业的人员应穿()，以防静电危害。
1301,危险化学品存在的主要危险有()
1305,扑救电器火灾不应使用()灭火器
1307,生产经营单位应建立并保持培训的程序，以便规范、持续的开展培训工作，确保员工具备必需的职业安全健康()
1308,某工人经过安全教育培训后，仍然未戴安全帽就进入现场作业施工。从事故隐患的角度来说，这种情况属于()
1309,网格化管理的核心理念是()
1310,在安全生产中，“三违”是指()
1313,以下哪项不是消防安全的基本知识？()
1314,在安全生产中，事故的“四不放过”原则不包括()
1316,下列哪项不属于消防安全重点单位应履行的职责？()
1317,根据《危险化学品安全管理条例》，危险化学品的包装应当()
1319,在安全生产中，“三不伤害”是指()
1320,根据《特种设备安全监察条例》，特种设备的使用单位应当对特种设备进行()
1321,消防安全中的“两懂三会”不包括()
1323,在消防安全中，“四个能力”的建设不包括()
1325,“三不动火”原则是指在具有火灾爆炸危险的场所动用明火时，没有()
1326,《中华人民共和国职业病防治法》规定，用人单位应当对劳动者进行()
1328,“三老问题”在安全生产中指的是()
1329,根据《中华人民共和国环境保护法》，企业应当采用()
1330,《中华人民共和国安全生产法》规定，从业人员发现直接危及人身安全的紧急情况时，有权()
1331,根据《中华人民共和国消防法》，公众聚集场所营业期间，应当每多长时间进行一次防火巡查？()
1332,“三同步”原则是指在新建、改建、扩建工程中，劳动安全卫生设施应与主体工程()
1333,根据《中华人民共和国安全生产法》，生产经营单位应当对从业人员进行()
1335,根据《中华人民共和国消防法》，机关、团体、企业、事业等单位应当履行的消防安全职责不包括()
1336,《中华人民共和国安全生产法》规定，从业人员有权了解其作业场所和工作岗位存在的()
1343,安全生产管理的基本原则是（）。
1344,安全生产责任制的核心是（）。
1345,安全生产事故应急队伍的组建应包括（）。
1349,防安全管理是指对（）进行组织、协调、监督和管理的活动。
1351,安全生产事故发生时，首先需要采取的紧急措施是（）。
1353,安全生产领域中，拼音简称“五防”的五个防范措施是（）。
1355,安全标志的颜色有（）。
1357,安全生产教育培训机构要具备的资格条件不包括（）。
1362,安全生产管理体系的设计与开展应符合（）。
1363,安全生产标准化管理的目的是为了（）。
1364,安全生产法律法规要求，从事危险作业的作业人员必须经过（）。
1365,安全生产管理体系的核心要素不包括（）。
1366,安全生产标准化管理的基本原则是（）。
1368,安全生产法律法规要求，从业人员在岗前应当进行（）。
1371,安全帽的颜色应根据（）确定。
1372,安全生产法律法规要求，从业人员应当配备（）。
1373,安全生产管理体系的运行需要依赖（）支持。
1375,安全生产管理体系的建立和运行需要依赖（）支持。
1377,安全生产法律法规要求，使用危险物品的单位必须建立（）制度。
1379,安全生产法律法规中的《生产安全事故报告和调查处理办法》是我国的（）安全生产法规。
1380,网格化管理中的“网格化防控”是指（）。
1381,安全生产法律法规中的《安全生产监督管理条例》是我国的（）安全生产法规。
1382,网格化管理中的“网格化协调”是指（）。
1385,安全生产应知应会中，“三违”是指（）。
1386,网格化管理中的“网格化督查”是指（）。
1387,网格化管理中的“网格化调度”是指（）。
1388,安全生产应知应会中，“三同时”是指（）。
1390,网格化管理中的“网格化治理”是指（）。
1391,网格化管理中的“网格化平台”是指（）。
1392,安全生产应知应会中的“五查”是指（）。
1394,安全生产法律法规中的《刑法》将严重违法安全生产行为定为（）。
1395,网格化管理中的“网格化”指的是（）。
1398,安全生产法律法规中规定，违反安全生产管理制度造成较重伤亡事故的单位，可以被处以（）。
1399,安全生产管理体系的评价方法包括（）。
1401,关于危险源辨识和风险评估，下列说法错误的是：()
1403,关于应急救援预案的编制与演练，以下说法正确的是：()
1409,根据《中华人民共和国职业病防治法》，用人单位应当为劳动者提供符合国家职业卫生标准的职业病防护用品。以下哪项不属于职业病防护用品？()
1412,在网格化管理中，企业应如何划分安全管理责任？()【多选题】
1414,导入网格化管理后，企业应如何加强员工的安全意识？()【多选题】
1416,针对新员工的安全教育培训，企业应包括哪些内容？()【多选题】
1418,法律法规中关于安全管理要求的主要目的是什么？()【多选题】
1420,消防安全管理的首要任务是什么？()【多选题】
1421,在火灾发生时，员工应该遵循的基本原则是什么？()【多选题】
1422,企业在进行消防设施检查时，应该关注哪些方面？()【多选题】
1423,在危化品管理中，企业应重点关注哪些内容？()【多选题】
1424,关于职业健康与安全，企业应采取哪些措施？()【多选题】
1426,在实施网格化管理时，如何有效提升各级管理人员的安全管理能力？()【多选题】
1427,网格化管理系统的数据收集方式中，哪些是有效的？()【多选题】
1428,在安全生产中，哪些行为可以被视为不负责任的表现？()【多选题】
1433,在火灾应急演练中，企业应该包含以下哪些内容？()【多选题】
1434,在职业健康管理中，企业应采取哪些措施来降低职业病的风险？()【多选题】
1436,在自然灾害发生时，企业应如何制定应急疏散计划？()【多选题】
1437,生产过程中出现泄漏后，应该采取哪些措施？()【多选题】
1439,企业安全文化建设需要注意哪些方面？()【多选题】
1443,针对不同部门和岗位的员工，安全培训关注的重点是什么？()【多选题】
1444,在事故发生后，实施调查时哪些步骤是必要的？()【多选题】
1446,在高危环境中的工作场所，哪些安全措施是必须的？()【多选题】
1447,对于工地上的高空作业，哪些要求是必须遵守的？()【多选题】
1449,针对自动化设备的安全管理，企业应采取哪些措施？()【多选题】
1451,安全文化建设中，企业应重视的关键因素有哪些？()【多选题】
1453,根据国际标准，哪些要素应当包含在企业的合规性评价中？()【多选题】
1454,在促进员工的工作生活平衡中，企业应关注哪些方面？()【多选题】
1458,有效的应急管理计划中，关键的组成部分是什么？【多选题】
1459,在大型活动的安全保障中，哪些措施是必要的？()【多选题】
1464,在实施供应链安全管理时，企业应该关注哪些因素？()【多选题】
1466,企业在确保合规性方面需遵循哪些步骤？()【多选题】
1467,为了确保符合国际安全标准，企业需要进行哪些方面的准备？()【多选题】
1470,如何建立一个良好的安全文化？()【多选题】
1473,进行事故调查的关键步骤有哪些？()【多选题】
1475,在供应链管理中，安全的评估应包括哪些内容？()【多选题】
1477,在信息安全管理中，企业应关注哪些方面？()【多选题】
1478,对于安全数据记录的管理，企业应采取哪些措施？()【多选题】
1482,如何建立有效的员工支持系统？()【多选题】
1484,如何有效管理和应对职场暴力事件？()【多选题】
1486,如何让公众参与企业的安全活动？()【多选题】
1487,当前安全管理领域面临的主要挑战包括哪些？()【多选题】
1488,企业如何积极应对安全管理的新趋势？()【多选题】
1489,在执行安全评估时，企业应关注哪些方面？()【多选题】
1490,如何确保安全改进措施的落实？()【多选题】
1493,在部署新安全技术时，企业应该如何识别潜在的技术缺陷和安全隐患？()【多选题】
1497,如何通过企业社会责任活动提升员工的安全意识和参与感？()【多选题】
1498,企业在设计安全培训项目时，如何确保其适应各个层级的员工需求？()【多选题】
1499,如何有效评估安全培训的效果？()【多选题】
1501,企业在管理供应链的安全风险时，哪些步骤是必要的？()【多选题】
1502,如何提升供应链的透明度与安全性？()【多选题】
1503,企业在制定应急管理和响应计划时，应该考虑哪些关键要素？()【多选题】
1504,在突发情况下，企业如何确保信息的有效传递？()【多选题】
1506,在推进安全文化时，如何应对员工的抵触情绪？()【多选题】
1511,企业在实施风险识别和管理过程中，应该优先考虑哪些步骤？()【多选题】
1513,在促进员工安全行为时，企业可以采用哪些措施？()【多选题】
1515,在安全合规检查中，以下哪项是有效的措施？()【多选题】
1516,在制定应急预案时，企业应考虑哪些关键因素？()【多选题】
1518,企业如何通过文化建设提高安全意识？()【多选题】
1523,如何确保管理层在安全组织中的有效沟通？()【多选题】
1524,如何评估培训效果的有效性？()【多选题】
1526,在跨部门合作中，如何提高安全意识？()【多选题】
1528,企业如何建立良好的员工幸福感？()【多选题】
1529,企业在建筑施工过程中，如何降低安全风险？()【多选题】
1530,哪种方式最有效地度量企业的安全文化？()【多选题】
1531,如何持续改善安全教育的内容与效果？()【多选题】
1532,确保新员工快速融入安全文化的有效方法有哪些？()【多选题】
1534,使用虚拟现实（VR）技术进行安全培训时，企业应注意哪些因素？()【多选题】
1535,进行安全审核时，企业应遵循哪些流程？()【多选题】
1536,如何确保安全审核的客观性和全面性？()【多选题】
1537,事故调查后，企业应采取哪些措施以防止类似事件再次发生？()【多选题】
1538,在安全管理中，如何实现持续改进的循环？()【多选题】
1540,企业如何确保应急响应计划的有效性？()【多选题】
1541,如何提升员工的应急处置能力？()【多选题】
1543,建立安全文化的过程中，企业应关注哪些核心价值观？()【多选题】
1545,企业在实施安全技术时，应重点考虑哪些因素？()【多选题】
1546,在事故调查中，如何有效收集事故现场的证据？()【多选题】
1549,应如何确保安全管理体系的有效运行？()【多选题】
1551,如何有效评估安全培训的成效？()【多选题】
1552,企业如何确保应急响应计划的可行性与动态更新？()【多选题】
1554,如何将安全文化深入到日常运营中？()【多选题】
1555,在培养安全文化的过程中，企业应避免哪些常见误区？()【多选题】
1556,为确保安全资源的最大化利用，企业可采取哪些措施？()【多选题】
1558,在持续改进过程中，如何制定更具前瞻性的安全目标？()【多选题】
1560,在应急响应计划中，企业应关注哪些关键组件？()【多选题】
1561,如何有效利用数据分析提升安全管理？()【多选题】
1562,为确保持续改进，企业应如何建立质量保证流程？()【多选题】
1563,采用的方法来精细化安全管理流程改进应包括哪些？()【多选题】
1564,在开展全面的风险识别时，企业应重视哪些指标？()【多选题】
1565,进行风险优先级排序时应考虑的因素有哪些？()【多选题】
1566,在制定安全沟通战略时，企业应确保哪些内容？()【多选题】
1567,如何提高安全沟通中的透明度？()【多选题】
1568,在应急管理中，企业如何增强各部门的协调能力？()【多选题】
1569,评估应急预案的有效性时，企业应关注哪些方面？()【多选题】
1572,企业如何建立有效的知识管理体系，以促进安全意识的提升？()【多选题】
1573,在知识共享过程中，如何确保信息的完整性与准确性？()【多选题】
1574,在制定安全战略规划时，企业应当关注哪些核心要素？()【多选题】
1575,如何评估和提升企业的安全风险管理能力？()【多选题】
1577,在面对网络安全威胁时，企业应采取哪些预防措施？()【多选题】
1578,在避免盲目施工过程中，以下哪些做法是有效的？()【多选题】
1579,在加强现场施工作业监管方面，以下哪些做法是有效的？【多选题】
1584,下列哪些属于网格长需把握的风险？()【多选题】
1585,根据网格长在网格化管理中的要求，以下哪些是走好五部曲中的内容？()【多选题】
1587,下列属于危险废弃物的是()【多选题】
1590,生态文明建设需要严守的“三大红线”是什么？()【多选题】
1591,根据《中华人民共和国环境影响评价法》规定，专项规划的环境影响报告书应当包括以下哪些内容()【多选题】
1592,依照《中华人民共和国突发事件应对法》的规定，各级人民政府及其有关部门和企业事业单位，应当做好突发环境事件的哪些工作()【多选题】
1593,企业应当采用 的工艺、设备以及废弃物综合利用技术和污染物无害化处理技术，减少污染物的产生。()【多选题】
1595,“白色污染”是人们对塑料类垃圾污染环境的综合称谓，白色污染的危害包括()【多选题】
1599,自然生态环境破坏突出表现在自然资源的破坏上，主要包括()【多选题】
1600,建设项目中防治环境污染的设施，与主体工程之间如何统筹工作进度()【多选题】
1602,我们日常工作和生活中产生的固体废物有哪些危害？()【多选题】
1603,面对新兴的安全挑战，企业应如何适应？()【多选题】
1605,在制定企业安全政策时，应关注哪些关键方面？()【多选题】
1607,企业如何实现环境保护合规？()【多选题】
1610,企业采取网络安全措施时，应该考虑哪些方面？()【多选题】
1611,为了防止数据泄露，企业应实施哪些保护措施？()【多选题】
1614,消防安全中的“三懂三会”指的是什么？()【多选题】
1615,根据《中华人民共和国安全生产法》，企业应当履行的安全生产职责有()【多选题】
1616,在发生火灾时，正确的做法是()【多选题】
1618,安全生产中的“四不伤害”是指()【多选题】
1619,下列哪些场所需要设置明显的安全出口标志？()【多选题】
1620,安全生产中的“三级教育”指的是()【多选题】
1621,根据《中华人民共和国消防法》，单位应当履行的消防安全职责有()【多选题】
1624,根据《中华人民共和国职业病防治法》，用人单位应当提供的防护措施有()【多选题】
1627,根据《中华人民共和国道路交通安全法》，驾驶员应当遵守的规定有()【多选题】
1629,根据《中华人民共和国安全生产法》，企业应当建立的安全管理制度有()【多选题】
1632,在电力设备检修时，必须采取的安全措施有：()【多选题】
1634,在建筑工地，常见的安全隐患有：()【多选题】
1635,根据《中华人民共和国食品安全法》，食品生产经营者应当遵守的规定有：()【多选题】
1637,根据《中华人民共和国特种设备安全法》，特种设备使用单位应当履行的职责有：()【多选题】
1638,在高温作业环境中，工人应当采取的防护措施有：()【多选题】
1639,根据《中华人民共和国矿山安全法》，矿山企业应当具备的条件有：()【多选题】
1640,在化学品运输过程中，必须遵守的规定有：()【多选题】
1641,根据《中华人民共和国突发事件应对法》，突发事件的应急处置原则有：()【多选题】
1642,在网格化管理中，以下哪些属于常见的网格划分依据？()【多选题】
1643,安全生产责任制的基本原则包括：()【多选题】
1645,在消防安全管理中，以下哪些行为是严禁的？【多选题】
1647,根据《中华人民共和国职业病防治法》，用人单位应当采取的职业病防治措施包括：()【多选题】
1648,在安全生产事故应急救援中，以下哪些是正确的做法？()【多选题】
1650,在网格化管理中，以下哪些属于信息收集的内容？()【多选题】
1651,根据《中华人民共和国安全生产法》，企业应当建立的安全管理制度包括：()【多选题】
1653,在安全检查过程中，哪些方面应作为重点关注对象？()【多选题】
1657,在应急管理中，以下哪些措施是必要的？()【多选题】
1658,在火灾应急演练中，应包括哪些关键环节？()【多选题】
1659,企业在制定安全管理规章制度时，应考虑哪些内容？()【多选题】
1661,在安全生产许可证管理中，企业需遵循哪些基本要求？()【多选题】
1664,在网格化管理中，如何保证信息的真实性？()【多选题】
1665,在进行安全教育时，如何提高培训的效果？()【多选题】
1668,在化学品存储中，以下哪些措施是必不可少的？()【多选题】
1671,在火灾发生后，疏散人员时应注意哪些事项？()【多选题】
1672,在设备安全管理中，哪些措施能有效降低故障率？()【多选题】
1674,在网格化管理中，信息反馈的有效性可以通过哪些方式提高？()【多选题】
1676,网格化管理的实施过程应包含哪些环节？()【多选题】
1680,对于企业的安全生产责任制，下列哪些说法是正确的？()【多选题】
1683,在建筑施工中，如何确保施工现场的安全？()【多选题】
1684,对消防设备的维护，下列哪些做法是正确的？()【多选题】
1687,在进行设备安全评估时，应考虑哪些因素？()【多选题】
1689,企业在开展安全生产活动时，法律法规要求应注意哪些事项？()【多选题】
1690,在实施网格化管理时，如何提升信息反馈的及时性？()【多选题】
1691,网格化管理的效果评估应包括哪些指标？()【多选题】
1693,《安全生产法》对安全生产培训的要求包括哪些方面？()【多选题】
1695,对于新入职员工的安全培训，应包括哪些内容？()【多选题】
1696,在企业进行安全文化建设时，应考虑哪些因素？()【多选题】
1697,安全生产管理中，如何有效提升员工的安全意识？()【多选题】
1698,在风险评估过程中，以下哪些因素需要考虑？()【多选题】
1702,在进行设备安全检查时，哪些项目应作为重点检查内容？()【多选题】
1705,《消防法》规定单位在火灾隐患整改中应采取的措施包括哪些？()【多选题】
1706,实施网格化管理时，如何确保基层员工的参与度？()【多选题】
1707,根据《安全生产法》，企业应当依法承担的主要义务包括哪些？()【多选题】
1711,安全隐患排查过程中，发现的隐患应如何处理？()【多选题】
1713,在安全文化建设中，员工参与的形式包括哪些？()【多选题】
1714,在化学品的管理中，下列哪些是正确的做法？()【多选题】
1717,下列哪些措施能有效提升企业的安全管理水平？()【多选题】
1718,消防演练的主要目的包括哪些？()【多选题】
1721,在网格化管理模式下，如何评估安全生产工作效果？()【多选题】
1723,实施网格化管理时，信息共享应注意哪些原则？()【多选题】
1724,根据《安全生产法》，下列哪种行为将面临法律责任？()【多选题】
1726,关于安全标志的使用，以下说法哪些是正确的？()【多选题】
1727,在进行化学品管理时，必须注意哪些事项？()【多选题】
1728,以下哪些因素可能导致安全事故的发生？()【多选题】
1729,下列哪些行为会增加工作场所的安全隐患？()【多选题】
1730,关于安全生产管理体系，下列说法正确的是：()【多选题】
1732,灭火器的使用方法包括哪些步骤？()【多选题】
1733,《消防法》要求单位应当制定和完善的消防安全管理制度包括哪些？()【多选题】
1735,在网格化管理中，信息的传递应遵循哪些原则？()【多选题】
1736,实施网格化管理时，应该注意哪些要点？()【多选题】
1737,下列哪些是常见的安全隐患？()【多选题】
1738,在工作场所，个人防护装备（PPE）的选择应考虑哪些因素？()【多选题】
1739,网格化管理的主要目的是什么？()【多选题】
1741,网格长在网格化管理中要把握两类风险，一是静态风险，二是动态风险。这种说法是()
1742,网格长在网格化管理中要走好五部曲，包括落实施工方案审批及交底、作业区域内的风险识别、按照施工方案实施、作业令及时审批及过程监护、事后总结提升。这种说法是()
1748,网格化管理九个到位，其中工作令的分级管控到位，是指将作业令管理与“网格化”管理有效结合，加强现场施工作业分层分级有效监管，按照作业风险等级规范工作令的开具和现场执行。()
1750,所有员工都应当具备基本的安全知识，这被视作安全生产的基础。()
1751,在安全生产法中，企业的安全生产责任仅限于高层管理者。()
1755,网格化管理可以提高安全监管的效率，并有效追踪问题。()
1756,企业应定期培训员工应对火灾等紧急情况的基本知识。()
1758,安全生产许可证是企业合法进行特定生产活动的必要条件。()
1759,突发事故应急预案无需在日常运营中予以重视。()
1761,超过法定使用年限的安全设备仍可继续使用，只要没有明显问题。()
1763,消防器材应定期检查，以确保其在紧急情况下能正常使用。()
1764,网格化管理能使安全隐患的发现和处理变得更加迅速准确。()
1766,法律法规对安全生产的要求具有法律效力，必须严格遵守。()
1767,对于已发生的安全事故，一旦处理完毕就无需再进行详细调查。()
1768,所有员工必须对周围环境的安全状况保持警惕。()
1769,网格化管理中的信息共享能提高事故响应速度。()
1772,进行安全知识培训时，创新教学方法能提高员工的学习效果。()
1773,企业发生火灾后，所有员工应立刻扑灭火源。()
1774,企业应当定期进行消防演练，以提高员工的火灾处理能力。()
1775,安全生产法规定，企业只有在发生重大事故后才需进行自查。()
1776,事故发生后，企业必须调查原因并制定整改措施。()
1778,网格化管理能够提升安全管理的可视化水平。()
1779,消防安全检查只是在特定时期进行，不需要常态化。()
1781,所有的安全法律法规都是固定不变的。()
1784,消防安全制度的建设需要全员参与，不能依赖少数几个人。()
1785,网格化管理允许各个部门设立自己的安全标准，不需要统一。()
1787,安全生产责任制的落实不仅依赖高层领导，还需要基层员工的配合。()
1789,企业应当对所有员工的安全意识及行为进行监测和评估。()
1791,安全事故的发生通常与安全管理体系的缺失有关。()
1792,企业对安全隐患的整改应当及时、有效，不可拖延。()
1793,在员工离职时，不需要进行安全知识的交接。()
1794,网格化管理帮助企业更有效地评估安全风险。()
1796,消防安全设备的使用与维护应当有专门的培训和认证。()
1797,在紧急情况下，听从现场指挥是确保安全的关键。()
1798,安全宣传资料的制作应简洁明了，便于员工理解。()
1799,消防应急预案可以根据实际情况灵活调整。()
1800,安全管理计划需在每年年初制定，并在年度初期完成。()
1804,安全隐患的整改工作应以短期效果为主，长远保障次之。()
1808,不需要任何验证的情况下，任何员工都可以处理公司财务。()
1810,定期对员工进行消防知识的宣传和教育，有助于减少事故发生。()
1814,建筑物内的紧急出口和疏散通道可以随意堵塞，以便于后续的使用。()
1815,第一时间处理火灾是企业灭火工作中的首要任务，而不是疏散人员。()
1816,网格化管理强调信息的及时反馈与沟通是确保安全管理有效的前提。()
1817,采用安全管理软件可以提高对安全隐患的监控效率。()
1818,建筑施工中，符合国家安全标准的临时设施可不需要进行特别审查。()
1819,安全生产法律法规不仅适用于企业，也适用于个人。()
1822,安全管理中的“红线”概念强调的是安全生产的底线管理。()
1824,消防设施和应急设备的配置不需要考虑人数密集程度。()
1825,安全生产法的实施有助于维护国家和人民的生命财产安全。()
1826,安全管理中数据的可视化有助于提高问题的识别和解决速度。()
1828,对于潜在的职业危害，企业应建立台账和定期评估机制。()
1829,网格化管理中，每个网格的安全员直接负责本区域的安全工作。()
1831,除了法律规定，企业还应根据实际情况增加安全管理内容。()
1832,消防知识的培训仅限于消防器材的使用，不涉及逃生路线。()
1833,安全隐患的发现与整改应通过定期的安全会议进行讨论。()
1834,生产车间的安全标识可以随意设置，不需要遵循规范。()
1835,企业可以在不违反法律规定的情况下，灵活制定安全管理措施。()
1837,空气质量监测不属于安全隐患排查的内容。()
1838,企业应当对每起事故进行详细记录以及教训总结。()
1841,在发生事故后，企业的第一反应应该是保护现场而不是救人。()
1843,新增危险源时，企业需按照规定进行评估与备案。()
1845,应对紧急情况的知识主要应集中于管理层，而非所有员工。()
1846,企业应制定风险评估的标准化流程，以确保评估的一致性。()
1847,安全文化建设不能单靠政策，还需关注员工的个体安全素养。()
1849,企业在进行安全生产评价时，需结合行业特性与公司内部因素。()
1850,定期对员工进行消防知识的宣传和教育，有助于减少事故发生。()
1851,企业在进行安全风险评估时，所有员工的意见都应被充分考虑，包括临时工和外包人员。()
1854,对于化学品的储存和处理，企业不需要特别培训员工，只要提供相关操作手册即可。()
1855,企业的安全管理文化建设与日常运营无关，它只关乎管理层的决策。()
1856,一旦安全隐患被发现，企业应立即停产整改，以确保安全。()
1858,提高安全意识的唯一方法是通过强制性的安全培训，其他方法无效。()
1859,安全管理不仅是企业管理层的责任，普通员工同样应参与到安全监督和管理中。()
1860,在火灾发生时，所有员工都应该知道如何在不同情况下进行紧急疏散，但不需要熟悉专业的灭火技巧。()
1862,不同岗位的员工在安全培训中应接受相同的内容，因为每个岗位的安全要求是统一的。()
1863,企业应定期对安全事故进行回顾和分析，以促进持续改进，以保障安全。()
1864,为了确保安全，设备维护保养的时间安排应由设备使用人员自行决定，而不是由安全部门规定。()
1865,当安全政策和法规发生变化时，企业应及时更新相关的管理手册以保持合规。()
1866,事故调查中，寻找责任人是唯一的目的，而无须关注事故的根本原因。()
1867,员工的心理素质和紧张程度在应急情况下会影响他们的反应速度。()
1869,对于安全管理工作，定期的自查和互查是企业不可或缺的部分。()
1870,安全隐患排查应是定期进行的工作，但只有在法规规定的年份份额检查即可。()
1871,企业必须针对每一个独特的安全风险制定不同的应急预案，而不能使用通用预案。()
1872,定期对安全设备进行校验和检测只是法律规定的形式，而无实际意义。()
1875,安全事故发生后，企业应首先关注对外形象的维护，而不是事故调查和整改。()
1876,在安全文化的构建过程中，员工的积极参与程度直接关系到安全管理的有效性。()
1879,发放个人防护设备是企业安全管理的基础，企业可将其视为改善安全绩效的首要措施。()
1880,在进行安全演练时，员工只有在演练之前了解相关内容才有效。()
1881,企业需要根据行业标准和自身实际情况灵活调整安全生产的目标，而不必一味追求零事故。()
1883,安全管理的成功与否不对企业的经济效益产生影响。()
1884,员工在执行事故应急预案时，应根据自己的判断灵活应对，而不是盲目遵循预案。()
1885,企业对外界突发事件的快速响应能力主要依赖于高度规范的流程，而非员工的临场应变能力。()
1886,开展安全培训可以减少事故发生，但事故后果的处理也同样重要。()
1890,在发生安全事故时，加强对事故责任人的处罚是改进安全管理的有效方式。()
1892,安全管理只有在发生事故后才需要引起足够的重视。()
1893,安全培训和教育的有效性可以通过员工在日常工作中的安全行为来进行评估。()
1894,事故多发的工作环境无需进行特别的防护措施，只需进行常规安全培训即可。()
1898,安全检查时发现的轻微隐患可以忽略不计，因为它们不会导致重大事故。()
1900,对于特殊岗位的员工，安全培训内容应根据其具体工作性质进行定制。()
1901,实施安全管理的目的仅仅是为了满足法律法规的要求，而不是为了提升员工的安全意识和技能。()
1902,在安全管理中，企业应鼓励员工提出安全改进建议，以推动整体安全文化的建设。()
1903,在火灾应急预案中，必须涵盖所有可能的逃生路线和应急措施。()
1905,事故报告中，应详细记录事故发生的每一个细节，以便进行有效分析和改进。()
1907,在生产过程中，合理的安全措施和设备配置能够显著降低事故发生的几率。()
1908,任何安全管理制度的实施都需要得到高层的关注和支持，才能真正落实到位。()
1910,安全培训应当是全员参与的活动，而不仅仅是相关岗位的员工。()
1911,除了法律法规要求，企业也不需要依据自己的实际情况制定安全管理措施。()
1912,在进行事故调查时，关注人因因素能够有效帮助防止未来事故的发生。()
1915,定期的安全会议可以提高员工的安全意识，并减少事故发生的概率。()
1916,在应急演练中，安排真实的灾害场景有助于员工更好地理解应急预案。()
1917,安全生产管理应仅限于工厂车间而不涉及其他办公区域。()
1919,高风险岗位的员工必须具备专业的安全知识，而不只是接受基本的安全培训。()
1920,企业在制定安全政策时，仅需要考虑法律法规的最低要求，而不必追求更高的安全标准。()
1921,针对不同的工作环境，企业应采取相应的个性化防护措施，以提高安全性。()
1922,安全隐患的整改措施应有明确的责任人，并尽快落实到位。()
1924,在安全问题发生时，企业应优先保护环境，而不是立即处理员工的安全问题。()
1925,定期的安全测试和评估可以帮助企业发现潜在的风险与隐患。()
1928,安全文化不仅依赖于制度建设，还需要由每一位员工的日常行为和习惯来体现。()
1930,企业在进行安全检查时，检查结果应及时反馈给所有员工，以提高安全意识。()
1931,安全管理应只重视理论知识的传授，而不重视实践操作的培训。()
1932,企业在发生事故时，立即进行事故现场清理是优先事项。()
1934,安全文化的建设可以显著降低事故的发生率，营造安全的工作环境。()
1935,所有安全管理方案都应该有明确的实施时间表，以确保步骤和进度清晰。()
1937,安全管理中的“四不伤害方针”包括：不伤害自己、不伤害他人、不被伤害和不伤害环境。()
1938,安全赋能不仅是企业的责任，员工也应自觉参与并持续提升自己的安全素养。()
1939,企业应定期举行员工安全座谈会，鼓励员工提出对安全的建议和意见。()
1940,各级管理者均应了解和参与安全生产的具体管理与执行。()
1943,网格化管理中的信息收集不包括社会治安动态。( )
1944,根据《中华人民共和国职业病防治法》，用人单位应当开展职业病防治宣传培训。( )
1949,在消防安全管理中，灭火器可以放置在任何位置。( )
1951,网格化管理中的网格划分可以按企业类型进行。( )
1952,根据《中华人民共和国职业病防治法》，用人单位必须提供合格的劳动防护用品。( )
1954,根据《中华人民共和国环境保护法》，企业可以不进行环境监测。( )
1955,根据《中华人民共和国道路交通安全法》，驾驶人在行车过程中可以不系安全带。( )
1956,网格化管理中的信息收集只包括居民基本信息，不包括安全隐患情况。( )
1957,根据《中华人民共和国职业病防治法》，用人单位不必为劳动者提供职业健康检查。( )
1958,在安全生产事故应急救援中，封堵泄漏源是正确的做法之一。( )
1960,在网格化管理中，网格员不需要处理突发事件，只需报告上级。( )
1961,根据《中华人民共和国安全生产法》，企业必须建立应急管理制度。( )
1962,在消防安全管理中，消防设备可以不定期检查和维护。( )
1963,根据《中华人民共和国道路交通安全法》，行人可以在没有人行横道的地方随意穿越马路。( )
1964,网格化管理中的网格划分可以不考虑地理位置。( )
1966,在安全生产事故应急救援中，使用个人防护装备是可选的。( )
1967,根据《中华人民共和国环境保护法》，企业可以不开展环保宣传教育。( )
1968,在网格化管理中，网格员的职责包括组织安全培训。( )
1969,根据《中华人民共和国安全生产法》，企业应当定期开展安全评估。( )
1970,在网格化管理中，信息收集不包括环境卫生状况。( )
1971,根据《中华人民共和国安全生产法》，企业必须建立安全操作规程。( )
1973,根据《中华人民共和国道路交通安全法》，驾驶人可以疲劳驾驶。( )
1975,根据《中华人民共和国职业病防治法》，用人单位应当定期进行职业健康检查。( )
1976,在安全生产事故应急救援中，使用个人防护装备是必须的。( )
1977,根据《中华人民共和国环境保护法》，企业应当履行减少污染物排放的义务。( )
1979,根据《中华人民共和国安全生产法》，企业应当建立安全生产责任制。( )
1981,根据《中华人民共和国道路交通安全法》，行人应当走人行道。( )
1983,根据《中华人民共和国职业病防治法》，用人单位应当开展职业病防治宣传培训。( )
1984,在安全生产事故应急救援中，封堵泄漏源是错误的做法。( )
1988,企业在制定安全生产计划时，应考虑各类安全风险。
1989,安全生产法律法规的宣传只需通过一次会议即可。
1990,消防器材不需要定期检验和保养。
1991,安全生产培训应每年进行一次即可。
1993,应急预案应根据实际情况定期修订。
1995,员工应定期进行急救培训，以提升自救能力。
1997,企业必须配备消防安全责任人。
2003,事故调查报告应在事故发生后随意撰写。
2005,安全生产政策应与企业发展战略相结合。
2008,企业需设置专门的安全生产管理部门。
2010,在网格化管理中，责任的明确化可以避免推诿。
2011,应急物资的保管和管理是企业的一项重要任务。
2012,所有安全管理工作均可依赖于第三方公司。
2013,紧急情况下，员工应冷静应对并及时报警。
2014,事故隐患只需向上级报告即可，无需记录。
2015,在应急演练中，评估演练效果是必要的。
2017,安全生产教育应注重实际案例的分析。
2018,安全生产培训仅在新员工入职时进行。
2020,在制定消防应急预案时，无需考虑工作场所的具体情况。
2023,高层建筑的消防安全管理应特别重视。
2024,消防安全教育应包括火灾预防和灭火器的使用。
2026,网格化管理的实施不需要制定详细的实施方案。
2027,消防设备的定期检查是保证其有效性的必要措施。
2028,网格化管理可以有效提高信息反馈的及时性。
2029,在网格化管理中，反馈信息的渠道应多样化。
2030,企业的安全生产责任可以完全委托给外包公司。
2032,网格化管理只需依赖信息技术系统，不需要人工干预。
2037,现场安全检查应由专门的安全管理人员进行。
2038,安全生产管理中，员工应主动报告隐患。
2039,安全生产法律法规的宣传只需通过一次会议即可。
2040,安全生产的管理模式应与企业的实际情况相匹配。
2043,在进行电工作业时，可以使用铜线代替保险丝来保护电路安全。（）
2045,在进行危险化学品装卸作业时，可以使用普通塑料桶作为容器。（）
2047,在进行大型吊装作业时，不需要制定详细的吊装方案和应急预案。（）
2051,在进行高空焊接作业时，必须在下方设置接火装置以防止火花飞溅。（）
2053,在进行化学品混合作业时，可以直接用手搅拌混合物。（）
2062,在进行焊接作业时，不需要办理动火审批手续。（）
2066,在化学品运输过程中，不需要对车辆进行定期检查和维护。（）
2067,在建筑工地上，工人可以不佩戴安全帽进行作业。（）
2068,在使用砂轮机时，应站在砂轮机的正面操作。（）
2069,在粉尘环境中作业时，不需要佩戴防尘口罩。（）
2070,在进行吊装作业时，不需要检查吊具和吊物的安全性。（）
2071,在高处作业时，可以将工具随意放置在脚手架上。（）
2074,火灾发生时，应立即乘坐电梯逃生。（）
2077,使用灭火器时，应将喷嘴对准火源的根部。（）
