id,option_A,option_B,option_C,option_D,option_E,option_F,option_G
8,A、7月31日,B、8月31日,C、8月30日,D、7月30日,,,
9,A、10月1日,B、11月1日,C、12月1日,D、8月31日,,,
11,A、5,B、10,C、15,D、30,,,
14,A、主要负责人  终身,B、主要负责人 十年,C、直接责任人  终身,D、主要负责人 五年,,,
16,A、100,B、400,C、300,D、200,,,
18,A、安全生产目标管理制,B、安全生产承包责任制,C、安全生产奖励制度,D、安全生产责任制,,,
20,A、事故预防 劳动保护,B、事故预防 事故控制,C、安全生产 事故控制,D、安全生产 劳动保护,,,
22,A、审批,B、登记,C、淘汰,D、监管,,,
26,A、劳动用工情况,B、安全技术措施,C、安全投入资金情况,D、事故应急措施,,,
28,A、2,B、4,C、8,D、16,,,
32,A、董事长,B、党委书记,C、主要负责人,D、总经理,,,
34,A、拖延不报,B、迟报,C、被举报,D、不报,,,
36,A、作出书面记录，并由检查人员和被检查单位的负责人签字,B、口头告知被检查单位，责令立即整改,C、作出书面记录，并由安全管理部门负责人签字,D、作出书面记录，由负有安全生产监督管理职责的部门负责人签字,,,
40,A、建设单位,B、施工单位,C、建设行政主管单位,D、消防监督机构,,,
42,A、上岗前、在岗期间和离岗时,B、上岗前和在岗期间,C、在岗期间,D、上岗前和离岗时,,,
44,A、正确使用和维护职业病防护设备和个人使用的职业病防护用品,B、发现职业病危害事故隐患及时报告,C、在有职业危害因素的作业场所设置警示标识,,,,
45,A、半小时,B、1小时,C、2小时,D、3小时,,,
49,A、触电后停止呼吸的,B、高处坠落后停止呼吸的,C、硫化氢中毒停止呼吸的,D、溺水后停止呼吸的,,,
51,A、烧死,B、窒息或中毒,C、被烧塌的建筑砸死,D、被践踏致死,,,
52,A、粉尘粒径越大，越易引发尘肺病,B、粉尘中游离二氧化硅含量越高，越易引发尘肺病,C、接触粉尘时间越长，越易引发尘肺病,,,,
54,A、本单位,B、安全生产监督管理部门,C、工伤保险经办机构,D、劳动和社会保障部门,,,
56,A、能,B、不能,C、视职工承担责任程度而定,,,,
57,A、行政责任,B、刑事责任,C、民事责任,D、赔偿责任,,,
58,A、分为1—8级，最重为第1级，最轻为第8级,B、分为1—10级，最重为第10级，最轻为第1级,C、分为1—10级，最重为第1级，最轻为第10级,,,,
59,A、以人民为中心,B、综合治理,C、改革创新,D、全过程监管,,,
60,A、事故原因,B、事故类型,C、事故影响,D、事故损失,,,
61,A、民事责任,B、刑事责任,C、赔偿责任,D、连带责任,,,
62,A、严格市场准入,B、隐患排查治理,C、严防风险演变,D、严防隐患升级,,,
64,A、2019年4月1日,B、2019年5月1日,C、2019年10月1日,D、2019年1月1日,,,
65,A、5米,B、10米,C、15米,D、20米,,,
66,A、低挂高用,B、高挂抵用,C、水平挂用,D、钩挂牢靠，挂位不受限制,,,
67,A、只能依法享有工伤保险补偿,B、只能依照有关民事法律的规定向本单位提出赔偿,C、除依法享有工伤保险外，可以依照有关民事法律的规定向本单位提出赔偿,D、依法享有工伤保险，但应当首先向本单位提出民事赔偿,,,
68,A、应当完全停止生产系统，禁止边生产，边维修,B、可以只停止检修部件的运行，以便不影响生产效率,C、只要生产运行不影响检修，可以边生产，边维修,,,,
69,A、本单位从业人员,B、本单位管理层,C、本单位负责人,D、本单位安全管理人员,,,
70,A、职业卫生管理人员,B、应急管理人员,C、工会督察员,D、技术人员,,,
73,A、本单位负责人,B、安全管理人员,C、所在地安全生产监管部门,D、所在地人民政府,,,
74,A、安全预评价,B、安全态势评价,C、安全状态评估,,,,
75,A、各级人民政府,B、生产经营单位安全生产管理部门,C、安全生产监察机关,D、负有安全生产监督管理职责的部门,,,
77,A、生产经营单位,B、安全生产监督管理部门,C、安全生产宣教中心,D、职工本人,,,
79,A、施工单位,B、生产经营单位,C、建设单位,D、监理工程师,,,
81,A、以人为本,B、效率为上,C、降低事故率,D、合理安排生产,,,
83,A、救援方案,B、处置方案,C、应急预案,D、上报方案,,,
85,A、安全管理人员,B、班组长,C、单位的主要负责人,D、安全负责人,,,
88,A、生产经营单位法定代表人和实际负有本单位生产经营最高管理权限的人员,B、生产经营单位安全管理人员,C、生产经营单位班组长,D、安全副总,,,
89,A、300,B、500,C、800,D、1000,,,
91,A、及时维修,B、报废处理,C、改作他用,D、加强日常检查,,,
92,A、县级以上地方各级人民政府,B、国务院安全生产监督管理部门,C、国家安全生产应急救援指挥中心,D、负有安全生产监督管理职责的部门,,,
95,A、火焰根部,B、火焰中部,C、火焰顶部,D、朝天喷射,,,
99,A、实时监测,B、登记建档,C、定期检验,,,,
100,A、整改方案、责任、时限、措施和资金,B、整改方案、人员、时限、措施和资金,C、整改方案、人员、责任、时限和资金,D、整改方案、责任、时限、人员和复查,,,
101,A、安全调度,B、民主协调,C、民主管理,D、最终决策,,,
103,A、超过规定时限报告,B、故意不如实报告事故发生的时间、地点、类别、伤亡人数、直接经济损失等有关内容的,C、故意隐瞒已经发生的事故，并经有关部门查证属实的,,,,
104,A、生产经营场所和设施、设备符合安全生产的要求,B、保证安全生产所必需的资金投入,C、主要负责人和安全生产管理人员取得注册安全工程师执业资格,,,,
106,A、5,B、10,C、15,,,,
109,A、先通风、再检测、后作业,B、先检测、再通风、后作业,C、先通风、再作业、后检测,,,,
110,A、事故隐患排查制度,B、安全生产责任制度,C、职业危害防治制度,,,,
111,A、10米,B、20米,C、30米,D、50米,,,
112,A、生产工艺过程中产生的静电能量不大，不会直接使人致命,B、静电产生的电火花能量不大，不会成为点火源,C、静电电压一般不超过1KV,D、静电会影响电子产品质量，但不会损害电子设备,,,
113,A、正常,B、偏低,C、偏高,,,,
114,A、确保安全、迅速撤离、顾全大局、救助结合,B、以抢救贵重物品为主,C、只要自己能跑掉就行,D、以救人为主，舍己为人,,,
116,A、分工,B、安全管理责任,C、管理权限,,,,
117,A、安全标志,B、安全标签,C、安全铭牌,,,,
118,A、100,B、110,C、132,D、120,,,
119,A、指令或者放任从业人员违反操作规程或者安全管理规定从事作业,B、超过核定的生产能力、强度进行生产,C、安全生产标准化建设,,,,
121,A、纯棉工作服,B、化纤工作服,C、防静电工作服,,,,
123,A、技术,B、技能,C、安全,D、职业卫生,,,
125,A、申请,B、备案,C、申报,D、审查,,,
126,A、化学、物理、生物,B、化学、物理、生理,C、生理、物理、生物,D、化学、物理、生化,,,
127,A、技术守则,B、条款,C、安全操作规程,,,,
128,A、职业卫生预评价报告,B、职业病危害预评价报告,C、职业安全卫生预评价报告,D、职业安全预评价报告,,,
130,A、管理服务原则,B、责权对等原则,C、目标明确原则,,,,
131,A、统一指挥原则,B、目标明确原则,C、因事与因人设置相结合的原则,,,,
132,A、工人甲,B、班组长,C、车间主任,D、化工厂主要负责人,,,
135,A、随意编排,B、逆序排列,C、一致,,,,
136,A、中文说明书,B、英文说明书,C、技术说明书,D、安全说明书,,,
137,A、安全教育培训,B、安全技术改造,C、带薪年假制度,D、优化作业环境,,,
139,A、安全态度教育,B、安全知识教育,C、安全技能教育,,,,
140,A、员工健康检查,B、职业健康监护,C、定期健康检查,D、职业健康体检,,,
141,A、本人职业健康监护档案,B、职业健康监护证明,C、本人职业健康监护档案证明,D、本人职业健康监护档案复印件,,,
142,A、广告式,B、声像式,C、讲授式,,,,
143,A、广告式,B、声像式,C、讲授式,,,,
145,A、二倍以上五倍,B、五倍以上十倍,C、二倍以上十倍,D、一倍以上十倍,,,
146,A、生产为主,B、以人为本,C、实现价值,D、安全第一,,,
147,A、一万元以上三万元,B、一万元以上五万元,C、二万元以上十万元,D、二万元以上五万元,,,
149,A、安全监管部门,B、卫生行政部门,C、工会,D、人力资源和社会保障部门,,,
150,A、呼吸道,B、消化道,C、皮肤黏膜,D、血液,,,
151,A、省,B、市,C、县,D、乡,,,
152,A、漏报,B、谎报,C、瞒报,D、迟报,,,
153,A、20日,B、30日,C、60日,D、90日,,,
155,A、直接原因,B、间接原因,C、综合原因,D、不确定原因,,,
157,A、预防程序,B、准备程序,C、应急程序,,,,
158,A、预防程序,B、准备程序,C、恢复程序,,,,
159,A、个人健康,B、家庭健康,C、个人档案,D、家人档案,,,
163,A、最后用人单位,B、劳务中介,C、前一用人单位,,,,
167,A、安全标识,B、警示标识,C、中英文警示说明,,,,
171,A、领导负责,B、责任制,C、管理制度,,,,
173,A、任何单位和个人,B、环境保护部门,C、利害关系人,D、公民,,,
174,A、决策权，管理权,B、管理权，监督权,C、参与权，监督权,D、监督权，决策权,,,
175,A、核废料,B、固体废物,C、医疗废物,,,,
182,A、废水、废料、废渣,B、废水、废气、废渣,C、废料、废气、固体废弃物,D、废气、垃圾、医疗废弃物,,,
185,A、人的不安全行为、管理缺陷,B、人的不安全行为、物的不安全状态,C、物的不安全状态、管理缺陷,D、物的不安全状态、环境的不良影响,,,
186,A、申请,B、备案,C、申报,D、审核,,,
187,A、安全宣传标语,B、安全宣传挂图,C、安全警示标志,D、安全操作规程,,,
191,A、80,B、100,C、150,D、200,,,
194,A、血管下方,B、近心端,C、远心端,,,,
195,A、二氧化碳,B、甲烷,C、氧气,D、氮氧化合物,,,
196,A、8-10,B、16-18,C、18-24,,,,
197,A、废气,B、废水,C、废渣,,,,
199,A、领导,B、管理,C、直接,D、间接,,,
200,A、遵章守纪,B、安全生产意识和安全管理水平,C、提高防范事故的能力,,,,
201,A、大气、水体、土壤、生物、噪声,B、大气、市容、土壤、生物、噪声,C、大气、交通、土壤、生物、噪声,,,,
202,A、3,B、5,C、10,D、15,,,
205,A、尽量减少不必要的活动,B、给伤者服止痛片止痛,"C、运送途中应把伤者的头转向一侧 , 便于清除呕吐物",D、简易包扎止血,,,
208,A、上风侧,B、下风侧,C、侧位,D、无一定位置,,,
210,A、5,B、4,C、3,D、2,,,
212,A、红色,B、黄色,C、蓝色,D、绿色,,,
213,A、皮带进入皮带轮的部位,B、轮轴部位,C、皮带离开皮带轮的部位,,,,
214,A、乘坐普通电梯逃生,B、向上逃跑,C、躲避到避难层等地等待救援,D、跳楼求生,,,
218,A、定期,B、不定期,C、经常,D、不必,,,
219,A、党政主要负责人,B、分管安全生产工作的班子成员,C、安全生产监管部门主要负责人,D、安全生产监管人员,,,
220,A、责任追究,B、一票否决,C、照单问责,D、谁主管谁负责,,,
224,A、安全生产监督管理部门,B、当地人民政府,C、生产经营单位,D、生产经营单位负责人,,,
225,A、1,B、2,C、3,D、5,,,
228,A、防火巡查,B、防火检查,C、安全设计,,,,
230,A、正式职工,B、临时工、农民工,C、各类企业全部职工和个体工商户的全部雇工,D、正式工、劳务派遣工,,,
231,A、视情况可以终止或解除,B、可以终止或解除,C、不得终止或解除,D、需要重新签订,,,
234,A、7月31日；10月31日,B、4月24日；2015年1月1日,C、5月1日；8月30日；,D、4月24日；2015年5月1日,,,
236,A、吊销,B、注销,C、撤销,D、取消,,,
238,A、降低噪声源,B、高低区分隔,C、工人轮岗制,D、设置隔音室,,,
240,A、车辆可随意通行,B、准许车辆通行，但直行车辆须注意避让转弯车辆,C、准许车辆通行，但转弯车辆须不得妨碍被放行的直行车辆和行人通行,,,,
241,A、干扰驾驶员驾驶,B、不将身体任何部分伸出车外,C、在道路上没其他车辆且不影响其他行人的情况下跳车,,,,
242,A、服从信号灯,B、服从交通警察指挥,C、服从交通标志、标线,,,,
244,A、1,B、2,C、3,D、4,,,
250,A、前进行驶,B、倒车行驶,C、更换大型号叉车,D、拒绝运输,,,
251,A、14 周岁,B、16 周岁,C、18 周岁,,,,
252,A、协商选择一个行政区域人民政府,B、共同的上一级人民政府,C、共同的上一级人民政府指定一个行政区域人民政府,D、第三方人民政府,,,
253,A、不得妨碍其他车辆和行人通行,B、可以随意停放,C、不能停放,,,,
254,A、2,B、3,C、4,,,,
258,,,,,,,
260,答案：A,,,,,,
262,A、高速公路、普通公路,B、公路、城市道路和虽在单位管辖范围但允许社会机动车通行的地方，包括广场、公共停车场等用于公众通行的场所,C、沥青公路、水泥公路、砂石公路,,,,
265,A、14 周岁,B、16 周岁,C、18 周岁,,,,
266,A、靠近行驶,B、错开行驶,C、并排行驶,,,,
268,A、11,B、12,C、13,D、14,,,
270,A、行人应该避让机动车,B、可以不减速且应快速通过,C、必须减速或者停车，避让行人,,,,
271,A、后面驶来的机动车须减速让行,B、本车道的机动车具有优先权，可以不避让非机动车,C、机动车可以示意非机动车让道,,,,
272,A、必须减速或者停车，避让行人,B、紧跟前方车辆快速通过,C、行人应主动避让机动车,,,,
275,A、2,B、3,C、1,,,,
276,A 、十五,B、十,C、三十,,,,
278,A、3月1日,B、4月1日,C、3月25日,,,,
280,A、营运载客汽车5年以内每2年检验1次;超过5年的，每6个月检验1次;,B、载货汽车和大型、中型非营运载客汽车10年以内每年检验1次;超过10年的，每6个月检验1次;,C、小型、微型非营运载客汽车6年以内每2年检验1次;超过6年的，每年检验1次;超过15年的，每6个月检验1次;,,,,
282,A、呼吸道,B、消化道,C、皮肤黏膜,,,,
288,A、超量,B、超载,C、超速,D、超重,,,
289,A、119 报警电话是免费的,B、发生火灾时任何人都可以无偿拨打119,"C、为了演练,平时可以拨打 119",,,,
291,A、不得,B、可以,C、按照一定标准,,,,
292,A、5m,B、10m,C、15m,D、20m,,,
293,A、生产经营计划；财务预算,B、生产经营计划；财务决算,C、安全投入计划；财务预算,D、安全投入计划；财务决算,,,
296,A、直接原因,B、间接原因,C、综合原因,D、不确定原因,,,
297,A、内因,B、外因,C、内外因,,,,
298,A、内因,B、外因,C、内外因,,,,
299,A、不是,B、是,C、不确定,,,,
300,A、侥幸心理,B、安全心理,C、个性心理,,,,
301,A、触动电器开关或拨打电话；,B、使用明火；,C、A和B都正确,,,,
303,A、快速见效性,B、直接性,C、长效性,,,,
305,A、自上而下,B、在下而上,C、都可以,,,,
307,A、灭火方法相同的物品,B、容易相互发生化学反应的物品,C、以上两种答案都对,,,,
310,A、能量或危险物质,B、能量,C、危险物质,,,,
311,A、可以,B、经过领导批准后可以,C、不可以,,,,
312,A、控制效果,B、信息发布,C、检测,,,,
313,A、可以,B、不可以,C、经批准后可以,,,,
315,A、演练排演,B、演练实施,C、演练推演,,,,
316,A、铅,B、汞,C、苯,D、微波,,,
317,A、 应急疏散计划,B、安全保卫计划,C、灭火和应急疏散预案,,,,
319,A、每 4 小时,B、每 5 小时,C、每 2 小时,,,,
323,A、警示牌,B、警戒标志,C、现场标志,,,,
325,A、物理,B、化学,C、生物,,,,
326,A、变宽,B、变窄,C 、不变,D、不确定,,,
329,A、事故发生单位的概况,B、事故发生的时间、地点,C、事故发生地的生态环境情况,D、事故现场情况,,,
332,A、公司级安全教育,B、车间级安全教育,C、班组级安全教育,,,,
333,A、优先救人,B、优先抢救财物,C、优先灭火,,,,
334,A、安全教育培训,B、安全技术改造,C、工艺调整,,,,
337,A、2,B、2.5,C、3,,,,
338,A、不定期,B、定期,C、临时,,,,
342,A、颈部的,B、头部的,C、胸部的,,,,
343,A、被人践踏,B、窒息,C、烧伤,,,,
344,A、登记手续,B、领导同意,C、安全生产考试培训,,,,
346,A、公安机关,B、检察机关,C、安全生产监督管理部门,D、法院,,,
351,A、生产经营场所设备、设施符合安全生产要求,B、保证安全生产所必需的资金投入,C、主要负责人和安全生产管理人员取得注册安全工程师执业资格,,,,
352,A、350mm,B、300mm,C、250mm,D、400mm,,,
354,A、用绝缘物体拉开电源或触电者,B、立即用手拉开触电人员,C、去找专业电工进行处理,,,,
358,A、前方车辆左转弯时,B、前方车辆停车时,C、前方车辆右转弯时,,,,
360,A、施工单位主要负责人和项目负责人,B、项目负责人和安全员,C、专职安全生产管理人员,D、A和C,,,
364,A、计划,B、演练,C、预防,D、布置,,,
367,A、机动车辆进入生活区，其排气管应装有阻火器,B、在输油站场的生产区从事生产的职工，应穿戴防静电工作服,C、在输油站场的生产区要种植草皮和低矮树木，以调节生产区的空气,,,,
369,A、使骨折加重，脊髓神经受损,B、造成颈部损伤,C、病人感到不舒服,,,,
376,A、喊人,B、马上救火,C、呼叫,D、报警,,,
378,A、管理人员,B、工人,C、以上两类人员都同样需要,,,,
380,A、附加护耳罩,B、贴上标记,C、自己钻孔加扣带,,,,
386,A、“灭早、灭小、灭了”,B、“先局布后整体”,C、“求快”,,,,
388,A、1,B、2,C、4,D、10,,,
389,A、4级,B、5级,C、6级,,,,
399,A、重症中暑,B、轻症中暑,C、热射病,,,,
401,A、2米,B、3米,C、4米,D、6米,,,
403,A、2,B、3,C、2.5,,,,
404,A、安全生产许可证、产品检验证、安全合格证、商用发票,B、生产许可证、产品合格证、安全鉴定证、专用发票,C、安全生产证、产品检验证、安全合格证、商用发票,D、安全生产证、产品合格证、安全鉴定证、专用发票,,,
406,A、大饭桌,B、高大柜子,C、操作人员上方牢固的物体,,,,
408,A、在高温的环境下工作，出现头痛、头晕、乏力、胸闷心悸、口渴多汗等，体温可正常或略高。,B、在高温的环境下工作，出现头痛、头晕、乏力、胸闷心悸、口渴多汗。体温38度以上，皮肤灼热或出现虚脱(面色苍白，脉率快，血压下降等)。,C、在高温环境中，体温急剧升高达40℃以上，继出大量冷汗后无汗及意识障碍；因大量出汗致脱水，出现虚脱或短暂晕厥；因口渴而大量饮水导致体内氯化钠浓度显著降低，引起下肢、腹部肌肉强直性痉挛及绞痛。,,,,
410,A、10,B、25,C、50,,,,
411,A、＂在此工作”,B、“止步，高压危险”,C、“禁止合闸，有人工作”,,,,
413,A、12,B、36,C、42,,,,
415,A、设计,B、使用,C、维修,,,,
417,A、900秒,B、600秒,C、300秒,,,,
418,A、绝缘处理,B、完好检查,C、精度调整,,,,
419,A、毛细血管出血,B、静脉出血,C、动脉出血,,,,
420,A、培训证书,B、许可证书,C、合格证书,D、资格证书,,,
421,A、上部,B、中部,C、根部,,,,
423,A、尽量减少不必要的活动,B、给伤者服止痛片止痛,C、运送途中应把伤者的头转向一侧，便于清除呕吐物,,,,
425,A、警告标志,B、指令标志,C、提示标志,,,,
426,A、1.5,B、.5,C、1,,,,
427,A、墨镜,B、平光镜,C、虑光镜,,,,
429,A、零线,B、火线,C、地线,,,,
430,A、盖住锅盖,B、用水浇灭,C、把锅里的油倒在地上,,,,
431,A、躲到广告牌下,B、躲到大树下,C、无处可躲时，双腿并拢、蹲下身子,,,,
432,A、口头约定,B、签字确认,C、达成共识,D、确定职责,,,
433,A、先点火、后开阀放气,B、先开阀放气、后点火,C、点火，开阀放气同时,,,,
436,A、送往医院诊治,B、通知其家属,C、等待医院救护车到来,D、立即进行现场急救，施行人工呼吸和心脏挤压,,,
439,A、干粉灭火器,B、二氧化碳灭火器,C、泡沫灭火器,,,,
441,A、勿站在凉台，窗台上向下扬,B、可站在凉台，窗台上向下扬,,,,,
442,A、安全监督管理局,B、技术监督局,C、公安部门,,,,
443,A、立即检查触电者是否还有心跳呼吸，如没有立即进行心肺复苏,B、立即断开电源使触电者与带电部份脱离,C、立即拨打120呼叫救护车,,,,
444,A、文化理论课,B、安全技术理论,C、文化理论课和实际操作,D、安全技术理论和实际操作,,,
445,A、研究劳动条件对健康的影响,B、改善劳动条件,C、创造安全、卫生、满意和高效的作业环境,D、提高劳动者的经济收益,,,
446,A、低挂高用,B、高挂低用,C、水平挂用,D、挂钩牢靠，挂位不受限制,,,
448,A、红外线,B、X射线,C、炭疽杆菌,D、激光,,,
450,A、工件,B、切屑,C、铣刀,,,,
451,A、警告标志,B、禁止标志,C、指令标志,D、提示标志,,,
452,A、50伏,B、数万伏,C、220伏,,,,
453,A、站在铁板上操作,B、站在绝缘胶板上操作,C、穿防静电鞋操作,,,,
456,A、施工作业场所有坠落可能的对象，应一律先行撤除或加以固定。,B、高空作业中所用的物料，均应堆放平稳，不妨碍通行和装卸。,C、高空作业时，工具应随手拿好。,,,,
457,A、压迫止血法,B、指压动脉出血近心端止血法,C、弹性止血带止血法,D、以上三种都是,,,
458,A、呼叫救护人员,B、切断电源或使伤者脱离电源,C、进行人工呼吸,,,,
459,A、及时转移至阴凉通风处安静休息并补充水、盐。,B、加强通风及散热，有条件的可进行物理降温(冰水或酒精擦浴、冰袋冷敷头及腋下等)，同时立即送医院救治。,C、休息，让其自己慢慢恢复。,,,,
461,A、1,B、2,C、3,D、3,,,
463,A、室外开箱须防尘,B、防雨,C、遇雷雨天气不得开箱,D、无需注意外界条件,,,
464,A、30,B、40,C、50,D、60,,,
465,A、10人,B、5人,C、3人,D、1人,,,
470,A、扩散燃烧,B、分解燃烧,C、混合燃烧,,,,
472,A、维修处理,B、报废处理,C、改造使用,,,,
473,A、分包单位,B、建设单位,C、总承包单位,D、监理单位,,,
475,A、20,B、30,C、40,,,,
479,A、行业标准,B、规范手册,C、强制性标准,,,,
481,A、漂亮,B、安全,C、舒适,,,,
484,A、取用不方便,B、会造成工作台超负荷,C、工具易坠落伤人,,,,
486,A、绝缘软尺,B、木尺,C、钢卷尺,,,,
487,A、先实施停电安全措施，再在高压电动机 及其附属装置的回路上进行检修工作。,B、检修工作终结，需通电实验高压电动机及其启动装置时，先让全部工作人员撤离现场，再送电试运转。,C、在运行的高压电动机的接地线上进行检修工作。,,,,
489,A、正比,B、反比,C、没有相关性,,,,
491,A、设放灭火器,B、设置围栏,C、堆放易燃、易爆、潮湿和其他影响操作的物件,,,,
492,A、锅炉爆炸,B、液化气体超压爆炸,C、金属粉尘爆炸,,,,
496,A、3米,B、3.5米,C、4米,D、4.5米,,,
497,A、金属屋面、砖木结构的建筑物和构筑物,B、山谷风口处的建筑物和构筑物,C、旷野孤立的或高于20M的建筑物和构筑物,D、前3项都是,,,
504,A、萌芽状态,B、爆发状态,C、危险状态,,,,
509,A、3,B、6,C、12,D、24,,,
510,A、视野开阔的区域,B、凸形竖曲线之后,C、长大纵坡的底部,,,,
511,A、直流电压220伏,B、交流电压280伏,C、交流电压220伏,,,,
512,A、门禁控制系统,B、视频监控系统,C、火灾自动报警系统,,,,
514,A、立即用手拉开触电人员,B、用铁棍拨开电源线,C、先切断电源或用绝缘物体拨开电源或触电者,,,,
515,A、1～3,B、5～7,C、15～30,,,,
517,A、手至肩部,B、双脚之间,C、左手至胸部,,,,
519,A、以最快的速度直立逃跑,B、将身体贴着地面匍匐前进或微微蹲下身子前进,C、蹲在地上不动,,,,
522,A、主管工长,B、项目经理,C、专职安全员,,,,
524,A、拉开电源，拔除电源插头,B、使用绝缘工具，干燥的木棒解脱触电者,C、抓住触电者的手，将其拖开,,,,
525,A、122,B、110,C、120,D、119,,,
528,A、2.5米,B、4米,C、4.5米,D、6米,,,
529,A、含金属纤维的工作服,B、防油污工作服,C、合成纤维工作服,,,,
530,A、皮肤污染：脱去污染的衣服，并用大量的微温水清洗污染的皮肤，毛发和指甲尤其不能忽略。,B、吸入毒物：立即脱离中毒现场，加强通风及吸氧；食入毒物：神志清醒的采用催吐方法洗胃，喝微温300－500mL，用压舌根等方式催吐，反复直到吐出物为清亮液体为止。强酸、强碱等腐蚀性毒物不宜催吐和洗胃，可喝牛奶或蛋清等润滑剂以稀释、中和毒物。,C、毒蛇、毒虫咬伤：限制受伤局部活动，吸出毒液，并在受伤肢体的近端结扎,D、以上都正确。,,,
531,A、一人背负运送,B、二人抬运，一个抱头，一个抬腿,C、多人搬运，保持伤员身体平直，动作均衡,,,,
532,A、3个月,B、半年,C、1年,D、2年,,,
533,A、头昏脑胀,B、神经衰弱,C、记忆力减退,D、头痛眼胀,,,
534,A、相线,B、零线,C、相线或零线,D、保护零线,,,
535,A、预防为主、防消结合,B、安全第一、预防为主,C、预防为主、齐抓共管,,,,
536,A、20分钟内,B、15分钟内,C、30分钟内,,,,
537,A、20,B、25,C、15,,,,
539,A、300℃～400℃,B、500℃～600℃,C、700℃～800℃,,,,
540,A、有触电机会的工作场所,B、坑穴或密闭场所,C、高空作业,,,,
542,A、医务室,B、阴凉处,C、现场,,,,
543,A、分包,B、总包,C、建设单位,,,,
544,A、导电粉尘或纤维,B、强光辐射,C、热气,,,,
548,A、安全鉴定证,B、生产许可证,C、检验合格证,D、产品合格证,,,
550,A、电流大，电压高,B、电流小，电压高,C、电流大，电压低,,,,
555,A、用手揉眼，把异物揉出来,B、反复眨眼，用眼泪将异物冲出来,C、用清水冲洗眼睛,,,,
557,A、一年,B、两年,C、半年,,,,
561,A、当处于烟火中，烟太浓，卧地爬行，并用湿毛巾蒙着口鼻,B、遇山林火灾时，朝下风向跑,C、遇山林火灾时，朝上风向跑,,,,
562,A、危险报警闪光灯,B、示廓灯和后位灯,C、防雾灯,,,,
563,A、记大过,B、开除,C、追究刑事责任,,,,
564,A、在上方有人,B、在周围的人,C、在同一垂直方向上,,,,
566,A、窗口,B、地面,C、墙角,,,,
570,A、生产经营单位,B、从业人员,C、安全生产,,,,
571,A、佩戴安全带,B、佩戴安全帽,C、佩戴安全帽和安全带,D、佩戴安全带和安全帽，穿防滑鞋和紧口工作服,,,
572,A、驶离,B、协商,C、查看,,,,
573,A、指造成30人以上死亡，或者100人以上重伤(包括急性工业中毒，下同)，或者1亿元以上直接经济损失的事故。,B、指造成10人以上30人以下死亡，或者50人以上100人以下重伤，或者5000万元以上1亿元以下直接经济损失的事故。,C、指造成3人以上10人以下死亡，或者10人以上50人以下重伤，或者1000万元以上5000万元以下直接经济损失的事故。,D、指造成3人以下死亡，或者10人以下重伤，或者1000万元以下直接经济损失的事故。,,,
575,A、36,B、220,C、数万,,,,
579,A、0.3米,B、0.5米,C、0.7米,D、1.0米,,,
582,A、3,B、5,C、8,,,,
587,A、控制机房内,B、出入口下端明显位置处,C、扶手带上,,,,
588,A、照明,B、设备,C、电气,D、空调,,,
589,A、公安机关,B、人民法院,C、生产安全监察部门,,,,
590,A、5～7,B、10～12,C、15～20,,,,
591,A、技术、管理,B、专业、职能,C、管理、设计,D、整体、细节,,,
594,A、15,B、30,C、150,,,,
597,A、主要,B、全部,C、全面,D、部分,,,
598,A、民事责任,B、财产责任,C、其他法律责任,,,,
600,A、瓶帽,B、防震圈,C、爆破片,,,,
601,A、CO2灭火器,B、水,C、湿棉被,D、汽油,,,
605,A、反光外套或挂带,B、防毒面具,C、护目镜,D、防滑鞋,,,
607,A、防火屏障,B、保护屏障,C、防毒屏障,,,,
608,A、售票处,B、出口处,C、易于为乘客注意的显著位置,,,,
609,A、电气照明,B、使用电话,C、使用明火,,,,
610,A、预防为主，常备不懈的方针,B、统一领导，措施果断的方针,C、依靠科学，加强合作的方针,D、统一领导，分级负责的方针,,,
612,A、全面责任,B、主要责任,C、领导责任,,,,
615,A、倒车行驶,B、快速行使,C、慢速前进,,,,
616,A、20,B、30,C、40,,,,
617,A、人体接受电流遭到电击,B、烧伤,C、电休克,D、救援不及时,,,
618,A、电动工具,B、乙炔气瓶,C、灭火器,D、可燃气体探测仪,,,
619,A、提高生产经济效益,B、增强员工安全意识,C、安全生产，人人有责,D、提高社会效益,,,
621,A、注意安全,B、当心触电,C、有人作业，禁止合闸,D、请勿靠近,,,
622,A、灰色,B、黄色,C、红色,D、蓝色,,,
623,A、预防、准备、响应、恢复,B、策划、准备、响应、评审,C、策划、响应、恢复、预案管理,D、预防、响应、恢复、评审,,,
624,A、立即营救受害人员,B、迅速控制事态发展,C、进行应急能力评估,D、进行事故危害程度评估,,,
626,A、推拉式,B、向内开启式,C、向外开启式,,,,
630,A、1,B、2,C、5,D、10,,,
632,A、0.5,B、1,C、1.5,D、2,,,
636,A、从棚架,B、从指定的路线,C、从安全绳,,,,
639,A、2002年10月1日,B、2002年6月29日,C、2002年11月1日,,,,
643,A、企业签发的电工上岗证,B、职业技能机构核发的电工等级证,C、工作票,D、安全生产监督管理部门核发的特种作业人员操作证,,,
649,A、漏电保护器既可用来保护人身安全，还可用来对低压系统或设备的对地绝缘状况起到监督作用。,B、漏电保护器安装点以后的线路不可对地 绝缘。,C、漏电保护器在日常使用中不可在通电状 态下按动实验按钮来检验其是否灵敏可靠。,,,,
650,A、16.5%,B、18%,C、19.5%,D、21%,,,
651,A、1－－2,B、3－－5,C、5－－7,,,,
652,A、危险作业,B、高难度作业,C、特种作业,,,,
655,A、颠倒筒身筒盖朝下,B、筒盖向上不宜过度倾斜,C、筒身水平盖对着火源,D、筒身与地成倾斜45°角，喷咀对着火源。,,,
656,A、触电事故,B、电压波动,C、超负荷运行,D、电压过大,,,
658,A、30m,B、20m,C、35m,D、25m,,,
659,A、8,B、12,C、13,,,,
660,A、医疗保险待遇,B、工伤保险待遇,C、商业保险待遇,D、失业保险待遇,,,
661,A、3,B、5,C、30,,,,
662,A、形态、数量,B、生产方式、储存类型,C、协调性、干扰性,D、危险特性、数量,,,
663,A、硬底鞋,B、软底防滑鞋,C、普通胶鞋,,,,
665,A、2万元以上5万元以下,B、5万元以上10万元以下,C、5万元以上20万元以下,,,,
666,A、红外线,B、紫外线,C、激光,D、X射线,,,
668,A、变电所,B、配电室,C、电梯,D、防雷系统,,,
671,A、财产,B、物,C、人,,,,
672,A、24伏,B、36伏,C、65伏,D、110伏,,,
675,A、手套,B、防静电手环,C、防静电鞋,,,,
676,A、基础培训与训练,B、专业训练,C、战术训练,D、其他训练,,,
678,A、事后处理对策系统,B、法规管理体系,C、事故管理体系,,,,
681,A、多人,B、2支以上队伍,C、数层,,,,
682,A、A，7,B、10,C、15,,,,
685,A、光线充足,B、阴天,C、雷雨天气室外,D、通风顺畅、平稳地方,,,
686,A、用两只手操作,B、用金属物品作为救护工具。,C、用一只手操作,,,,
690,A、不同货物,B、人货,C、干湿货物,,,,
691,A、籍体侧面,B、箱体上表面,C、箱体下底面,,,,
693,A、可以,B、在确保安全的情况下可以,C、禁止,,,,
694,A、基本保安措施,B、辅助保安措施,C、绝对保安措施,,,,
695,A、经常检查,B、每月检查,C、每周检查,,,,
696,A、0.2m,B、0.25m,C、0.3m,D、0.35m,,,
700,A、1m、2.5m,B、1.5m、2m,C、1m、2m,D、1.5m、2.5m,,,
701,A、36伏,B、65伏,C、25伏,,,,
702,A、用二氧化碳灭火器灭火,B、用泡沫灭火器灭火,C、用水灭火,,,,
703,A、继续进行人工呼吸，且人工呼吸应与其自然呼吸的节律一致,B、继续进行人工呼吸，但人工呼吸应与其自然呼吸的节律相反,C、立即停止人工呼吸,,,,
704,A、双手扑打,B、大声呼救,C、就地打滚,,,,
706,A、低挂高用,B、高挂高用,C、高挂低用,,,,
707,A、不宜,B、迅速,C、争取,,,,
709,A、车间平面图,B、各主管之间的联系方式,C、安全通道及消防器材摆放图,,,,
710,A、最高温度,B、最低湿度,C、最低温度,,,,
711,A、民事,B、行政,C、刑事,,,,
713,A、2,B、3,C、4,,,,
714,A、1,B、3,C、5,D、10,,,
715,A、管好、修好、养好,B、管好、用好、养好,C、修好、用好、管好,D、修好、用好、养好,,,
718,A、缓缓而行,B、跑步离开,C、爬行出门,,,,
719,A、E类火灾,B、C类火灾,C、A类火灾,,,,
720,A、二氧化碳灭火器,B、二氧化碳泡沫灭火器,C、干粉灭火器,,,,
721,A、先救人、后灭火,B、先控制、后消灭,C、集中兵力打歼灭战,,,,
724,A、1.2米,B、1.3米,C、1.4米,,,,
725,A、0.8,B、1.0,C、1.2,,,,
729,A、窒息作用,B、化学抑制作用,C、冷却作用,,,,
732,A、二氧化碳灭火器和泡沫灭火器配置在同一场所,B、ABC干粉灭火器和BC干粉灭火器配置在同一场所,C、清水灭火器和ABC干粉灭火器配置在同一场所,,,,
733,A、泡沫灭火器,B、二氧化碳灭火器,C、碳酸氢钠干粉灭火器,,,,
734,A、3,B、4,C、5,D、6,,,
735,A、二氧化碳灭火器,B、ABC干粉灭火器,C干粉灭火器,,,,
736,A、10层的居民建筑,B、地下、半地下建筑,C、高度为30米的公共建筑,,,,
739,A、水受热蒸发产生水蒸气稀释空气，使氧的含量减少,B、水大量吸收燃烧产生的热量，使着火物的温度降到燃点以下,C、水附着在着火物表面，使可燃物不与空气接触,,,,
740,A、乙醇,B、苯,C、丙酮,,,,
741,A、乙醚,B、甲醇,C、苯,,,,
742,A、4.0%,B、4.2%,C、4.5%,,,,
743,A、关闭石油气瓶阀门后再用干粉灭火器灭火,B、用二氧化碳灭火器扑灭火焰后随即关闭石油气瓶阀门,C、只用二氧化碳灭火器扑灭火焰,,,,
745,A、在书库里配置BC干粉灭火器,B、在配电房配置泡沫灭火器,C、在电子计算机房配置二氧化碳灭火器,,,,
749,A、纯铜,B、不锈钢,C、含铜量少于70%的铜合金,,,,
750,A、至少每两小时一次,B、至少每三小时一次,C、至少每四小时一次,,,,
752,A、至少每半年,B、至少每一年,C、至少每两年,,,,
758,A、金属火灾,B、固体物质火灾,C、液体火灾或可熔化固体物质火灾,,,,
760,A、可燃气体与空气混合形成的爆炸性混合物爆炸,B、可燃气体恢复燃烧,C、可燃气体泄漏污染环境,,,,
762,A、6千伏变压器着火用二氧化碳灭火器带电灭火,B、380伏电动机着火用二氧化碳灭火器带电灭火,C、电视机着火用泡沫灭火器带电灭火,,,,
764,A、水剂,B、泡剂,C、化学粉剂,,,,
765,A、爆炸,B、导电,C、助燃,,,,
766,A、有盖的金属容器,B、无盖的金属容器,C、有盖的玻璃容器,,,,
768,A、工厂出路门须向内开入,B、工厂出路门须向外开出,C、工厂出路门应拆去,,,,
769,A、氯气,B、沼气,C、氮气,,,,
770,A、油渣,B、火水,C、电油,,,,
777,A、尽快乘搭电梯离开,B、循走火通道离开,C、应保持镇定，守秩序地乘搭电梯离开,,,,
780,A、分子分解,B、光波传送,C、辐射,,,,
781,A、相关方,B、职工,C、顾客,D、社会,,,
782,A、上风位,B、下风位,C、任何位置,,,,
783,A、大叫救命，收拾重要对象后才逃生,B、发出警报、在安全情况下试图扑救及尽快疏散逃生,C、应拿灭火筒奋不顾身去扑灭猛烈的火,,,,
786,A、储存易燃品的地方须严禁吸烟,B、喷油房内严禁携带易燃液体,C、限制在隔烟间内才可生火煮食,,,,
787,A、开动紧急照明装置,B、开动火警侦测器,C、开动消防泵来加压供水,,,,
789,A、昂首挺胸步行前进,B、缓步跑离开浓烟范围,C、设法蹲低或贴近地面爬行,,,,
790,A、隔离法,B、吹风法,C、冲击法,,,,
791,A、减少易燃蒸气的产生,B、防止静电的产生,C、减低易燃蒸气的积聚,,,,
792,A、立即躺下，用纤维织物包住身体在地上滚动,B、将门关上，用毛毡将门底的空隙塞住，立即致电报警及走向近街的窗前呼救,C、将门和窗打开，立即致电报警,,,,
793,A、一种可燃蒸气和空气混合能着火或引燃爆炸的浓度范围的上或下限,B、一种物质与空气接触发生起火或引起自燃的最低温度,C、一种液体能释出足够可燃蒸气与空气混合，可被火花点燃的最低温度,,,,
794,A、书,B、刀具,C、烟草和其它可燃物品,,,,
795,A、防止烟火蔓延,B、装饰入口处,C、用来储物,,,,
796,A、防冲击眼镜,B、棉纱手套,C、防砸皮鞋,,,,
797,A、帆布面胶底鞋,B、钉了铁鞋码的胶底皮鞋,C、导电鞋,,,,
800,A、冲床操作工,B、剪床操作工,C、钻床操作工,,,,
801,A、袖口扣紧,B、天冷时穿戴围巾,C、天热时解开外衣扣子,,,,
802,A、防毒口罩,B、防尘口罩,C、十二层的纱布口罩,,,,
804,A、皮革手套,B、棉手套,C、两者同样适宜,,,,
805,A、护眼罩,B、护耳罩,C、安全帽,,,,
806,A、耳塞,B、护耳罩,C、棉花球,,,,
808,A、先通过听力测验,B、戴上护耳用具,C、保持肃静,,,,
809,A、该产品是中国及英国共同研究出来的产品,B、该产品已获得英国质量管理颁发合格证书,C、该产品的制造及测试已符合欧盟标准,,,,
811,A、同一水平,B、低挂高用,C、高挂低用,,,,
813,A、防止在湿滑地面滑倒,B、防止物体下堕时压伤脚趾,C、避免因地面不平而绊倒,,,,
816,A、鞋头有钢帽，鞋底有钢片夹层及防滑,B、鞋面用名贵材料，鞋底耐磨,C、鞋能散热耐寒，透气舒适,,,,
818,A、脚部,B、腰部,C、胸部,,,,
819,A、反光外套或挂带,B、救生圈,C、护目镜,,,,
821,A、减低下堕时冲力,B、避免与头部碰撞,C、防堕缓冲器于低位会失去作用,,,,
826,A、净化空气式防毒面罩,B、反光衣,C、供气式呼吸器,,,,
828,A、随意点,B、水喉位,C、牢固的混凝土结构,,,,
831,A、人的不安全行为,B、物的不安全状态,C、缺乏安全管理制度,,,,
834,A、体系认证指导委员会,B、国家认可的体系认证服务机构,C、体系审核员注册委员会,,,,
836,A、基础设施,B、安全设施,C、安全卫生设施,,,,
839,A、危险化学品生产企业,B、机械制造企业,C、食品生产企业,,,,
840,A、减少故障和失误,B、隔离,C、个人防护,,,,
843,A、起重机的吊物坠落造成的伤害,B、工人在起重机操作室外不慎坠落伤害,C、起重机由于地基不稳突然倒塌造成的伤害,,,,
844,A、立即处理，对不能处理的及时报告单位负责人,B、提交处理意见经企业负责人审批后处理,C、报告并请示单位负责人处理意见,,,,
847,A、接受企业安全文化的理念,B、熟悉企业的安全生产制度和掌握安全生产的知识与技能,C、掌握生产技术知识和操作技能,,,,
848,A、选择自己有需要的课程，参加培训,B、必须参加并通过学习提高自己的安全素质,C、按自己的兴趣自由参加,,,,
850,A、怀孕七个月以上的职工和哺乳未满一周岁婴儿的职工,B、未成年工,C、已婚待孕的女职工,,,,
851,A、女性未成年工,B、50岁以上的女职工,C、经期、孕期、哺乳期的女职工,,,,
852,A、总经理,B、厂长,C、董事会,,,,
853,A、火灾报警器更新,B、加工机床的维修,C、防尘口罩的配备,,,,
856,A、展示安全政策于工厂显眼地方，令员工明白来配合,B、以遵从法例标准为最高要求,C、将安全管理的工作交由前线员工负责,,,,
859,A、聘请安全主任(安全工程师),B、实施安全管理,C、添置安全设备,,,,
864,A、争取员工的合作和支持,B、希望审核前把一切不安全的事项做好,C、希望员工在审核期间要严守安全规则,,,,
872,A、安全推广,B、意外调查,C、安全培训,,,,
873,A、该工作有多少人参与,B、曾触犯法例之次数,C、危害所引致意外后果的严重性,,,,
874,A、没有履行安全措施,B、物体本身的缺点,C、个人防护装备的缺失,,,,
875,A、可助尽快复工,B、减少意外所造成伤亡和损失,C、减轻预防工作,,,,
876,A、安全计划,B、安全委员会职能,C、安全部门职务,,,,
878,A、给工人在空闲时间阅读单张刊物的宣传手法,B、安全训练部门季节性的大型推广活动,C、管工对一小组工人作针对性的简短安全训练,,,,
879,A、安全审核,B、意外调查,C、意外分析,,,,
880,A、报告上级,B、带备药物,C、受过训练和确定有能力执行相关工作,,,,
883,A、噪声源,B、噪音传播途径,C、保护工人,,,,
884,A、85分贝,B、88分贝,C、91分贝,,,,
885,A、25℃,B、20℃,C、15℃,,,,
888,A、苯,B、氯,C、锰,,,,
890,A、消声,B、阻尼,C、吸声,,,,
892,A、鄂式破碎机破碎石灰石时产生的,B、熔炼铜时，熔融的铜蒸发到空气后冷却产生的,C、面粉包装装袋过程中产生的,,,,
893,A、高温高湿,B、高温强热辐射,C、暑天户外作业,,,,
896,A、射频辐射,B、非电离辐射,C、电离辐射,,,,
899,A、保护和改善环境，防治污染和其他公害,B、保障公众健康,C、促进社会主义现代化建设的发展,D、推进生态文明建设，促进经济社会可持续发展,,,
900,A、次日；按日连续处罚,B、三日；按月连续处罚,C、五日；按季连续处罚,D、七日；按年连续处罚,,,
901,A、高温作业,B、粉尘作业,C、操作风动凿岩机进行凿岩作业,,,,
905,A、粉尘作业,B、放射性作业,C、高温作业,,,,
907,A、发现有职业禁忌的劳动者，不让其从事其所禁忌的作业,B、了解劳动者原有的健康状况,C、发现患有慢性病的人员,,,,
908,A、接受健康检查的劳动者,B、聘用劳动者的单位,C、聘用劳动者的单位与劳动者按一定比例分担,,,,
909,A、政府为主,B、公众参与,C、部门配合,D、社区配合,,,
910,A、三种,B、二种,C、一种,,,,
913,A、让工人看牙医检查是否牙周炎,B、让工人多喝点凉茶去火气,C、首先让工人到职业病防治医院检查是否苯中毒,,,,
914,A、环境噪声标准,B、环境噪声排放标准,C、建筑施工厂界环境噪声排放标准,D、市区噪音标准,,,
915,A、12315,B、12369,C、12350,D、110,,,
916,A、废油漆桶,B、废油桶,C、医疗废弃物,D、餐厨垃圾,,,
918,A、失聪,B、肝病,C、贫血病,,,,
919,A、烧焊操作,B、长时间使用精细光学仪器,C、接触刺激性化学品,,,,
920,A、空气污染,B、噪音,C、高温,,,,
921,A、节省电力能源,B、减低眩光和控制光线分布,C、改善散热效率,,,,
922,A、采用工程控制方法，降低噪音,B、提供合适的听觉保护器,C、支付听力测试和诊治的费用,,,,
923,A、50,B、55,C、60,D、65,,,
924,A、用火试,B、肥皂水,C、闻气味,D、用清水,,,
926,A、穿工作服,B、佩戴呼吸器具,C、使用无毒或低毒的代替品,D、加强日常检查,,,
927,A、佩戴合格耳塞,B、架设噪音屏障,C、装置吸声物料,,,,
928,,,,,,,
929,A、含金属纤维的工作服,B、防油污工作服,C、合成纤维工作服,D、带反光条的工作服,,,
931,A、12,B、14,C、16,D、18,,,
932,A、12,B、36,C、50,D、100,,,
933,A、佩戴个人防护装备,B、以湿洒方法控制尘埃飞扬,C、定期检查身体,,,,
936,A、6,B、12,C、24,D、36,,,
940,A、铅尘,B、木屑,C、热衰竭,,,,
942,A、员工安全培训,B、工作调配,C、局部性抽气系统的采用,,,,
943,A、1,B、2,C、3,D、4,,,
944,A、生产企业,B、经营企业,C、运输企业,D、使用单位,,,
945,A、辐射强度,B、接触时间,C、风速,,,,
946,A、公安消防部门,B、负责危险化学品安全监督管理工作的部门,C、人民政府,D、环保部门,,,
948,A、氧气,B、氮气,C、氯气,,,,
949,A、黑色,B、黄绿双色,C、灰色,D、红色,,,
950,A、帆布,B、橡胶,C、棉布,D、化纤,,,
953,A、国家级,B、省级,C、地市级,D、县区级,,,
955,A、国务院,B、省级,C、地市级,D、县区级,,,
959,A、30,B、60,C、90,D、105,,,
961,A、二氧化碳,B、氧气,C、有机蒸气,,,,
963,A、彻底,B、全面,C、综合,D、统筹,,,
965,A、2年,B、3年,C、5年,D、8年,,,
966,A、安管人员   岗位工人,B、车间主任   班组长,C、车间主任   岗位工人,D、班组长     岗位工人,,,
967,A、安全管理部门,B、工会,C、党委工作部,D、生产技术部门,,,
969,A、1：10：100,B、1：29：300,C、1：50：300,D、1：30：100,,,
971,A、防尘口罩,B、空气呼吸器,C、防毒面具,D、氧气瓶,,,
972,A、0.5,B、1,C、1.5,D、2,,,
973,A、30,B、45,C、60,D、75,,,
974,A、18%,B、20%,C、21.5%,D、23.5%,,,
976,A、通风欠佳,B、通风良好,C、光线充足,,,,
978,A、控制可燃物,B、降低车间温度,C、提供新鲜空气,D、防止环境,,,
979,A、拆除作业人员戴安全帽、系安全带、穿软底鞋,B、上下同时进行拆除作业,C、拆下的材料用绳索绑扎牢固后由高处放下,,,,
982,A、电梯井道内安装导轨,B、高层建筑楼顶水池内贴瓷片,C、脚手架拆除,,,,
983,A、卷扬机运行时，卷筒上钢丝绳重迭，操作工用脚将钢丝绳踩平,B、工间休息时，将吊笼降到地面,C、操作工跨越运行的卷扬机,,,,
985,A、施工技术指标,B、施工进度计划,C、节约材料措施,D、安全技术措施和专项方案,,,
987,A、四,B、八,C、十三,D、二十,,,
989,A、3米,B、3.5米,C、4米,D、4.5米,,,
990,A、10°,B、15°,C、20°,D、25°,,,
996,A、上手推料,B、下手拉料,C、上下手同时进行,D、上下手不动,,,
997,A、必须自上而下逐层进行，严禁上下同时作业,B、可以上下同时拆除,C、由下部往上部逐层拆除,D、对不需要的部分，可以任意拆除,,,
999,A、1,B、2,C、3,D、6,,,
1000,A、先勘探，后设计，再施工,B、先计划，后设计，再预算,C、先预算，后勘探，再设计,D、先设计，后勘探，再施工,,,
1004,A、工作零线连接,B、相线连接,C、重复地线连接,D、专用保护零线连接,,,
1009,A、负荷开关,B、电源,C、电流,D、闸刀,,,
1012,A、无证排污,B、危废未交有资质单位处置,C、垃圾堆放在河道漫滩地,D、利用渗坑偷排,,,
1013,A、环境保护税,B、矿产资源税,C、排污费,D、污染费,,,
1014,A、分公司发生突发环境事件时，应立即启动突发环境事件应急预案，采取切断或控制污染源及其他防止危害扩大的必要措施，不需要向可能受污染影响的周边单位或居民通报。,B、环境风险发生重大变化，需要重新进行环境风险评估，但不需要对应急预案进行修订。,C、环境应急预案经评审或论证符合要求的，由安全总监签发。,D、突发环境事件处置后，应对应急预案的适宜性进行评审，并依据评审结果对预案进行修改完善。,,,
1016,A、各部门有关危险废物台账记录等资料须至少保留3年,B、工程施工过程中产生的建筑垃圾可以混入工业固废处置,C、医疗废物也属于危险废物,D、需跨省转移危险废物的，可在审批备案手续批准前转移处置,,,
1017,A、洗车点的废水收集经隔油池沉淀后，可排向雨水管道,B、食堂的污水经过隔油池隔离沉淀后，可排向生活污水管道,C、为了方便洗手，在现场办附近新增自来水管道,D、厂区、生活区内的化粪池可由后勤处自行清理,,,
1018,A、地方环境标准不能与国家环境标准相冲突，而且地方标准必须严于国家标准,B、地方环境质量标准是由地方环境保护行政主管部门制定的,C、国家标准适用于全国范围，地方标准只适用于颁布该标准的省、自治区、直辖市范围内,D、凡颁布了地方污染物排放标准的地区，执行地方标准；地方标准未作规定的，执行国家标准,,,
1019,A、2年,B、5年,C、8年,D、10年,,,
1020,A、晚22点-晨6点,B、晚24点-晨6点,C、晚22点-晨7点,D、晚24点-晨7点,,,
1021,A、向危险废物移出地的省、自治区、直辖市人民政府生态环境主管部门申请,B、向危险废物转入地的省、自治区、直辖市人民政府生态环境主管部门申请,C、向生态环境部申请,D、不需要申请,,,
1023,A、三角形边框、绿色、白色,B、三角形边框、黄色、黑色,C、正方形边框、红色、白色,D、正方形边框、白色、红色,,,
1024,A、新建油漆车间，并配套设置VOCs治理设备，处理工艺为沸石转轮+RTO,B、新建危废仓库，并配套设置VOCs治理设备，处理工艺为活性炭吸附法+氮气脱附+冷凝回收,C、新建涂B车间，并配套设置VOCs治理设备，处理工艺为活性炭吸附+热空气还原+催化燃烧,D、加强源头减排，将4条预处理线改为水性涂料生产线,,,
1026,A、镀锌车间,B、危险品码头,C、油漆仓库,D、冲砂车间,,,
1029,A、转让给他人使用，不得收费,B、转让给他人使用，应当防止产生污染,C、未经有关部门批准，不得转让给他人使用,D、不得转让给他人使用,,,
1030,A、初期雨水收集明沟有雨水自然冲刷，所以不用定期清理,B、初期雨水可以直接排放到庙港河,C、初期雨水是指降雨前15min的雨水，不需要计入年度污水排放总量,D、洗手池下水管可以接入初期雨水收集系统,,,
1034,A、“负增长”,B、“负排放”,C、“零增长”,D、“零排放”,,,
1035,A、江河,B、海洋,C、湖泊,D、水库,,,
1036,A、化石能源,B、清洁能源,C、绿色能源,D、新能源,,,
1037,A、大气污染物排放标准,B、环境空气质量标准,C、大气污染控制技术标准,D、大气警报标准,,,
1038,A、盐酸,B、二氧化碳,C、二氧化硫,D、氯氟烃,,,
1040,A、海啸,B、全球温室效应,C、火山喷发,D、地方缺碘性甲状腺肿,,,
1042,A、重点排污单位应当按照国家有关规定和监测规范安装使用监测设备，保证监测设备正常运行，保存原始监测记录,B、严禁通过暗管、渗井、渗坑、灌注或者篡改、伪造监测数据，或者不正常运行防治污染设施等逃避监管的方式违法排放污染物,C、企业事业单位和其他生产经营者向大气排放污染物的，只要符合排放浓度标准就行，不需要对大气污染物排放总量进行控制,D、建设项目中防治污染的设施应当符合经批准的环境影响评价文件的要求，不得擅自拆除或者闲置,,,
1045,A、次日,B、3日,C、10日,D、15日,,,
1046,A、污水  烟尘  垃圾  噪音,B、污水  烟尘  废渣  落叶,C、污水  烟尘  废渣  噪音,D、污水  烟尘  废渣  垃圾,,,
1048,A、废水、废料、噪声,B、废水、废气、废料,C、废水、废气、废渣,D、废水、废气、噪声,,,
1050,A、排污许可证  擅自投入生产,B、排污许可证  排放污染物,C、总量控制指标  擅自投入生产,D、总量控制指标  排放污染物,,,
1053,A、不可降解塑料所造成的污染,B、废纸所造成的污染,C、废包装袋所造成的污染,D、所有被抛弃的白色物质所造成的污染,,,
1054,A、清洁的分析方法,B、清洁的环境、清洁的产品、清洁的消费,C、清洁的能源、清洁的生产过程、清洁的产品,D、清洁的厂区、清洁的设备,,,
1055,A、复合型污染,B、产生雾霾,C、有利于植物的生长,D、污染室内空气,,,
1058,A、减量化,B、资源化,C、无害化,D、再生化,,,
1063,A、生态功能红线,B、环境质量红线,C、经济效益红线,D、资源利用红线,,,
1064,A、实施该规划对环境可能造成影响的分析、预测和评估,B、预防或者减轻不良环境影响的对策和措施,C、对专家意见采纳或者不采纳的说明,D、环境影响评价的结论,,,
1065,A、风险控制,B、风险评估,C、应急准备,D、应急处置,,,
1066,A、建设项目未依法进行环境影响评价，被责令停止建设，拒不执行的,B、违反法律规定，未取得排污许可证排放污染物，被责令停止排污，拒不执行的,C、通过暗管、渗井、渗坑、灌注或者篡改、伪造监测数据，或者不正常运行防治污染设施等逃避监管的方式违法排放污染物的,D、擅自倾倒、堆放、丢弃、遗撒固体废物，造成严重后果的,E、将危险废物提供或者委托给无许可证的单位或者其他生产经营者堆放、利用、处置的,F、未经批准擅自转移危险废物的,G、未采取防范措施，造成危险废物扬散、流失、渗漏或者其他严重后果的
1067,A、科技含量高,B、资源利用率高,C、污染物排放量少,D、循环利用,,,
1068,A、按日连续处罚,B、约谈,C、查封扣押,D、限产停产,E、行政拘留,,
1069,A、未批先产,B、未批先建,C、边批边建,D、久试不验,,,
1070,A、单位负责人,B、相关人员,C、分管领导,D、工作人员,,,
1073,A、节水、节电型产品,B、可降解、可回收产品,C、清洁生产产品,D、无毒型产品,,,
1074,A、立即启动本单位的应急方案,B、采取隔离等应急措施,C、防止水污染物进入水体,D、向事故发生地的县级以上地方人民政府或者环境保护主管部门报告,,,
1075,A、森林资源的锐减,B、草源面积锐减，草场质量下降,C、水土流失和土壤退化,D、生物种类和资源减少,,,
1077,A、腐蚀性和反应性,B、急性毒性和浸出毒性,C、感染性,D、易燃性,,,
1078,A、占用土地,B、污染土壤,C、污染水体,D、污染大气,,,
1079,A、降低成本,B、提高效率,C、加强管理,D、确保安全,,,
1080,A、生产线,B、安全隐患,C、管理区域,D、员工职责,,,
1083,A、以人为本,B、科技创新,C、持续改进,D、全面发展,,,
1084,A、提高企业盈利,B、建立健全安全管理制度,C、增加生产环节,D、促进技术革新,,,
1087,A、增加企业负责人权,B、保护员工安全健康,C、降低生产成本,D、提高企业竞争,,,
1093,A、电梯,B、窗户,C、安全出口,D、入口,,,
1094,A、人员,B、设备,C、资金,D、信息,,,
1095,A、目标、计划、执行、检查、行动,B、资金、人员、设备,C、设备采购、销售,D、市场研究、产品设计,,,
1099,A、保障生产安全,B、提高企业效益,C、扩大市场份额,D、促进员工发展,,,
1100,A、劳动法、民法,B、安全生产法、消防法,C、合同法、税法,D、环保法、商业法,,,
1101,A、所有员工,B、管理层,C、新入职员工、特殊岗位员工,D、仅限技术人员,,,
1107,A、拔掉插销、对准火源、按压把手,B、直接对准火焰喷射,C、拔插销、摇动灭火器,D、等待救援,,,
1108,A、确保自身安全,B、立即拍摄现场,C、提高工作效率,D、继续作业,,,
1112,A、只检查固定设备,B、不进行任何检查,C、全面检查，包括临时设施,D、由外部评估机构决定,,,
1113,A、无需获得任何资质,B、持有相关资格证书,C、自行决定作业方式,D、任意选择工作时间,,,
1115,A、理论知识的灌输,B、实际演练与应急响应,C、设备的销售,D、仅仅是讲解相关法律,,,
1116,A、价格低廉,B、适用于火灾类型,C、颜色鲜艳,D、品牌知名,,,
1117,A、一次性手套,B、安全带,C、运动鞋,D、仅佩戴工作服,,,
1123,A、设备维护,B、人员管理,C、事故隐患排查,D、法律法规遵守,,,
1125,A、规避责任,B、明确责任,C、增加成本,D、提高业绩,,,
1126,A、符合政府法规要求,B、增强员工安全意识和技能,C、提高公司形象,D、减少员工流动,,,
1127,A、视觉疲劳,B、听力损伤,C、兴趣下降,D、工作效率提升,,,
1128,A、识别危险,B、制定应急预案,C、培训员工,D、定期检查,,,
1131,A、降低企业税负,B、保护员工生命安全和身体健康,C、增加企业信誉,D、提高社会投资,,,
1133,A、劳动法,B、环保法,C、安全生产法,D、消防法,,,
1134,A、24小时,B、48小时,C、72小时,D、及时,,,
1135,A、及时扑灭火源,B、立即疏散人员,C、保护财产,D、进行自救,,,
1136,A、正确佩戴安全防护装备,B、按照操作规程进行生产,C、无证上岗操作设备,D、定期进行安全演练,,,
1137,A、增加宣传效果,B、提高事故处理效率,C、减少员工工资,D、避免外部惩罚,,,
1138,A、职工的健康,B、环境保护,C、市场营销,D、设备安全,,,
1139,A、燃料区,B、显眼且易于取用的地方,C、超市货架上,D、无人地带,,,
1140,A、指挥人员撤离,B、提高火焰温度,C、监测空气质量,D、提供灭火操作指南,,,
1141,A、呼叫消防部门,B、自己扑灭火源,C、采取逃生措施,D、观察火势,,,
1142,A、灭火器,B、喷水,C、干粉灭火器,D、二氧化碳灭火器,,,
1143,A、防火措施,B、灭火器的使用,C、如何延迟逃生时间,D、疏散程序,,,
1146,A、专业技术人员,B、一线工作人员,C、领导亲自进行,D、无需特别人员,,,
1147,A、外部顾问,B、信息平台,C、非正式沟通,D、纸质文件,,,
1149,A、密闭环境,B、适当通风,C、远离水源,D、单独存放,,,
1151,A、有必要才培训,B、培训内容可以随意调整,C、培训应定期进行,D、培训只需进行一次即可,,,
1152,A.仅依靠书面文件交底,B.制定一套标准程序即可,C.利用各类培训、专题会、早班会,D.忽视员工培训和交底,,,
1153,A.人员管理、设备维护、环境保护,B.高温作业、高压操作、高速运转,C.高处作业、起重吊装、物体打击,D.质量控制、生产计划、成本管理,,,
1154,A、提高工资,B、增加业务,C、设立奖励机制,D、制定陪伴制度,,,
1155,A、符合要求,B、增强法律意识,C、提高职业技能,D、降低事故发生率,,,
1156,A、只需落实具体措施,B、不需承担任何法律责任,C、作为实施安全生产工作的组织者和领导者,D、仅需督促安全检查,,,
1157,A、制定应急预案,B、收集事故数据,C、识别危害因素,D、创建安全管理方案,,,
1158,A、事后控制和赔偿,B、强调事故发生后的处理,C、预防措施优先于纠正措施,D、安全管理无需持续改进,,,
1159,A、可能导致事故发生的潜在因素,B、已发生的轻微事故,C、制定的安全规程,D、个人对于安全的认识,,,
1160,A、仅限于高风险岗位,B、提高企业经济效益,C、保护员工的生理和心理健康,D、减少人工成本,,,
1161,A、可随意堆放在任何区域,B、应设专门储存区域，规范管理,C、可以不标识，不需特殊注意,D、仅需通风良好即可,,,
1163,A、理论知识讲解,B、让员工熟悉工作场所环境,C、强调安全操作规程及应急处理,D、进行事故案例分析,,,
1167,A、测试人员素质,B、校验预案有效性，提升快速响应能力,C、发现新问题,D、提高形象,,,
1168,A、必须经常开展安全培训,B、必须对所有员工进行安全教育,C、必须及时检查和整改隐患,D、以上皆是,,,
1169,A、分工明确与责任共担,B、人员集中与管理分散,C、依赖高技术设备,D、向单一管理方向发展,,,
1171,A、安全隐患的增加,B、成本的提高,C、生产效率下降,D、改善沟通,,,
1173,A、使用灭火器时不必考虑灭火器的类型,B、使用时需拉掉保险销，对准火源根部喷射,C、使用灭火器不需要注意风向,D、灭火器可随意放置,,,
1175,A、防止火灾发生的同时提升安全意识,B、完成上级下达的工作目标,C、增加培训费用的占比,D、避免无关人员参与,,,
1177,A、固定消防设备的数量,B、确保所有逃生通道畅通无阻,C、减少检查频率,D、增加消防器材的陈列,,,
1180,A、符合国标,B、责任追溯,C、个人工作效率,D、管理层的支持,,,
1182,A、工作时间延长,B、所有工作人员的共同参与,C、外部的法律支持,D、仅限高层的意愿,,,
1184,A、宽松,B、集体负责,C、明确划分具体责任,)向外部机构转移责任,,,
1189,A、只需企业管理办法,B、危险化学品安全管理条例,C、不需专门法规,D、避免相关法律,,,
1193,A、平时服装,B、安全帽、防护眼镜、呼吸器等,C、化妆品,D、休闲装备,,,
1197,A、暂无人管的区域,B、防止火灾的蔓延,C、涉及弱电线路,D、提高空间使用率,,,
1198,A、收集证据,B、进行现场检查,C、召集证人,D、直接向主管报告,,,
1199,A、美化环境,B、提供安全信息,C、增加工作负担,D、记录生产数据,,,
1204,A、制定人事政策,B、树立榜样，加强安全意识,C、只关注技术培训,D、削减安全开支,,,
1207,A、只需阅读说明书,B、佩戴适当防护装备，保持工具安全,C、随意操作，不受限制,D、忽视工具的安全性,,,
1208,A、行业知识,B、安全作业规程、应急处理知识,C、企业形象宣传,D、仅供参考,,,
1209,A、通风良好的地方,B、远离热源,C、大规模堆放，不区分类别,D、标识清晰,,,
1210,A、确保工作时间合理，提供个体防护,B、不提高音量,C、忽视噪音事故,D、只计算工作效果,,,
1212,A、只针对技术管理层,B、针对全体员工，包括管理层和一线操作人员,C、只为新入职员工,D、有特定性，不需广泛宣传,,,
1215,A、追求利润,B、确保安全生产，保护员工健康,C、仅完成生产任务,D、只需遵循行业标准,,,
1216,A、丧失市场份额,B、经济处罚与法律责任,C、仅限于内部批评,D、上级管理查评,,,
1217,A、与环境影响无关,B、火源的性质和其周边环境,C、体验层面,D、无法应对任何火源,,,
1218,A、无需挂牌,B、设置清晰的警示标志和安全围挡,C、只雇佣熟练工人,D、忽视周围环境,,,
1219,A、机械外表,B、操作规程和安全防护措施,C、其他人员程序,D、临时操作手势,,,
1222,A、商业考虑,B、在法律允许的范围内,C、安全生产的长期目标,D、对每个人的评估,,,
1223,A、应急预案,B、安全隐患整改清单,C、年度计划,D、生产报表,,,
1224,A、只针对管理层,B、鼓励全员参与，融入日常管理,C、无需成果评估,D、以费用为唯一导向,,,
1226,A、仲裁,B、法律责任和财务罚款,C、仅作会议讨论,D、受到指正,,,
1227,A、忽视天气,B、定期休息，补充水分,C、长时间工作,D、只顾完成任务,,,
1228,A、短期项目收益,B、安全知识、法规和企业实际案例,C、仅限于单一课题,D、个人利益分配,,,
1232,A、仅护目镜,B、头盔、安全带、护目镜、耳塞等,C、个人偏好装备,D、无保护装备,,,
1233,A、仅需要指挥流程,B、组织、职责、措施、演练,C、仅限于物资储备,D、四处选择应急任务,,,
1234,A、功能性增强,B、安全隐患增加,C、生产效率提升,D、个人意愿选择,,,
1235,A、时间分配,B、危害特性与应急处理,C、工艺流程即可,D、无需掌握,,,
1237,A、发布谣言,B、按照应急预案迅速响应,C、不采取行动,D、个人随意行动,,,
1238,A、没有评估价值,B、目标达成情况、过程合规性和持续改进,C、仅报告数字,D、只关注外部审核,,,
1239,A、对设备的外观检查,B、作业风险评估与安全工作方案制定,C、仅进行操作手册查阅,D、由同事口头交代注意事项,,,
1240,A、尽量避免接触受害者及其家属,B、主动沟通、提供支持和赔偿，防止负面影响,C、只在法律要求时处理,D、仅进行内部调查，而不考虑外部关系,,,
1241,A、传统课堂讲授,B、理论学习结合实际案例和模拟演练,C、仅发放学习资料,D、在线视频观看,,,
1243,A、上一年的预算使用情况,B、近期的安全隐患报告和事故记录分析,C、员工的个人偏好,D、仅考虑外部审计的意见,,,
1244,A、常规建筑材料,B、阻燃和耐火材料,C、仅依赖涂料,D、不考虑材料特性,,,
1247,A、设立个人奖金,B、开展安全提案活动与评比，鼓励员工积极发声,C、强化惩罚机制,D、仅依赖管理层决策,,,
1248,A、统一执行最低标准,B、分析不同标准的影响，优先执行更严苛的要求,C、仅关注本国法规,D、不需考虑差异,,,
1249,A、外部审计机制,B、内部安全管理体系和标准文件,C、员工个人责任制度,D、仅依赖于法律法规,,,
1251,A、提高信息传递效率，确保各部门协调配合,B、只需关注内外部通讯设备,C、仅提出制度性要求,D、避免信息公开,,,
1254,A、仅提供水源,B、提供适当的防护装备，并定期休息与降温,C、允许员工根据习惯自理,D、不重要，只需注意工作绩效,,,
1255,A、无视员工反馈，只关注个人形象,B、身体力行、积极参与安全活动并树立榜样,C、只在会议上发言,D、仅在事故发生后表态,,,
1256,A、仅发放手册,B、理论结合实践，包括模拟泄漏应急演练,C、依靠单一讲解,D、管理层只需进行简评,,,
1258,A、设备外观清洁,B、安全保护装置功能正常,C、提高生产效率,D、噪音控制,,,
1260,A、只在法定时间内向监管机构报告,B、及时向员工和公众通报事件情况，展示透明度,C、避免公开任何信息,D、仅向客户说明情况,,,
1265,A、仅依赖于事故现场的表面观察,B、使用“5个为什么”法深入探讨根本原因,C、只依靠事故报告,D、依赖员工的主观反馈,,,
1267,A、只在发生事故后才有意义,B、通过反馈发现潜在风险和改进措施,C、反馈无关紧要,D、仅用于绩效考核,,,
1269,A、演练活动的成本,B、演练内容与实际风险情境的紧密结合,C、仅考虑参与人员的数量,D、演练时间是否方便,,,
1271,A、仅观察员工的外观,B、根据工作性质定期监测与职业病相关的生理指标,C、关注员工的食量,D、仅在出现症状时检查,,,
1272,A、找到最低价格的供应商,B、设备和材料的安全性及风险评估,C、逐步淘汰旧设备,D、仅考虑交货时间,,,
1273,A、仅依赖罚款和惩戒,B、建立积极的激励机制，奖励安全表现突出和有贡献的员工,C、不需要对员工的安全表现进行任何评价,D、仅在发生事故后评估员工责任,,,
1277,A、提高员工的自我保护意识,B、完全依赖个人防护装备,C、优先考虑工程控制措施，如改善通风和隔离,D、仅提供日常健康检查,,,
1278,A、仅依据行业标准，保持静态不变,B、定期进行演练、更新资料并与相关部门协调，确保信息畅通,C、只关注设备的检修与维护,D、仅在发生突发事件后制定应急措施,,,
1279,A.人、机、环境、管理、信息,B.人、物、能量、信息、设备,C.安全文化、安全法制、安全责任、安全科技、安全投入,D.监察、监管、教育、培训、工程,,,
1281,A.由于影响了局部或全身性能量交换引起的伤害，如冻伤等。,B.不正常的或不希望的能量释放造成的局部或全身性的伤害，如中毒伤害等。,C.由于能量超过人体的损伤临界值导致局部或全身性的伤害，如物体打击伤害等。,D.由于接触的能量不能被屏蔽导致的局部或全身性的伤害，如触电伤害等。,,,
1283,A.工伤保险的政策、法律、法规,B .安全生产管理知识和方法,C.国家有关安全生产的方针、政策等,D.典型事故案例分析,,,
1284,A.安全技术理论和事故案例,B.有关法律法规和实际操作,C.事故案例和实际操作,D.安全技术理论和实际操作,,,
1287,A.建筑物坍塌，员工被水泥板砸伤,B.起吊的重物脱落，将员工击伤,C.员工不慎坠落，撞击到脚手架导致死亡,D.脚手架上坠落的钢筋打击员工头部，导致其死亡,,,
1288,A.管理评审活动,B.机构与职责的确定,C.目标的制定与传达,D.审核活动,,,
1289,A.应急救援指挥中心,B.公共交通系统,C.信息发布中心,D.监测组织,,,
1294,A.控制的目的,B.划分的意义,C.评价的依据,D.管理的作用,,,
1295,A.矿物性粉尘,B.混合型粉尘,C.化学性粉尘,D.动物性粉尘,,,
1296,A.激光,B.电离辐射,C.红外线,D.射频辐射,,,
1297,A.防护用品应定期进行维护保养,B.使用前应首先做一次外观检查,C.劳动用品的使用必须在其性能范围内，不得超极限使用,D.严格按照《使用说明书》正确使用劳动防护用品,,,
1298,A、专门的,B、厂级,C、车间级,D、班组级,,,
1300,A.合成纤维工作服,B.防油污工作服,C.含金属纤维的棉布工作服,D.普通工作服,,,
1301,A.火灾，爆炸，中毒，窒息及污染环境,B.火灾，爆炸，中毒，腐蚀及污染环境,C.火灾，爆炸，感染，腐蚀及污染环境,D.火灾，失效，中毒，腐蚀及污染环境,,,
1305,A二氧化碳灭火器,B干粉灭火器,C1211灭火器,D泡沫灭火器,,,
1307,A、意识,B、能力,C、意识与能力,D、知识与态度,,,
1308,A.人的不安全行为,B.物的不安全状态,C.管理上的缺陷,D.环境的缺陷,,,
1309,A.集中管理,B.分而治之,C.统一指挥,D.分散责任,,,
1313,A.火灾的分类,B.灭火器的使用方法,C.高层建筑的逃生技巧,D.股票投资策略,,,
1314,A.事故原因未查清不放过,B.事故责任人未处理不放过,C.事故教训未吸取不放过,D.事故损失未赔偿不放过,,,
1316,A.制定灭火和应急疏散预案,B.定期组织消防演练,C.开展员工心理健康辅导,D.确定消防安全管理人,,,
1317,A.牢固、密封,B.美观、大方,C.便于携带,D.经济实用,,,
1319,A.不伤害自己、不伤害他人、不被他人伤害,B.不伤害设备、不伤害工具、不伤害环境,C.不违章作业、不违反纪律、不违反操作规程,D.不发生事故、不造成损失、不影响生产,,,
1321,A.懂火灾危险性,B.懂预防措施,C.会使用消防器材,D.会进行财务分析,,,
1323,A.提高火灾自动报警系统的灵敏度,B.提高检查消除火灾隐患的能力,C.提高组织扑救初期火灾的能力,D.提高组织人员疏散逃生的能力,,,
1325,A.批准不动火,B.防火措施不动火,C.监护人不动火,D.消防车在场不动火,,,
1326,A.定期健康检查,B.不定期健康检查,C.退休前健康检查,D.入职前健康检查,,,
1328,A.老人、老设备、老厂房,B.老员工、老经验、老传统,C.老思想、老方法、老工具,D.老制度、老规章、老习惯,,,
1329,A.清洁生产工艺,B.传统生产工艺,C.高效生产工艺,D.低成本生产工艺,,,
1330,A.继续作业,B.停止作业或者采取可能的应急措施后撤离作业现场,C.向上级汇报,D.等待指示,,,
1331,A.每天,B.每周,C.每月,D.每年,,,
1333,A.安全生产教育和培训,B.财务管理培训,C.市场营销培训,D.法律法规培训,,,
1335,A.制定消防安全制度,B.落实消防安全责任制,C.配置消防设施、器材,D.组织文艺演出活动,,,
1336,A.危险因素、防范措施及事故应急措施,B.财务状况,C.人事变动情况,D.市场竞争状况,,,
1343,A.预防为主,B.救护为主,C.救援为主,D.报警为主,,,
1344,A.安全培训,B.安全教育,C.安全生产法规,D.安全生产责任,,,
1345,A.领导班子,B.专家组,C.救援队,D.监督组,,,
1349,A.建筑物和设备,B.人员和环境,C.消防器材和设施,D.火灾事故的应急救援,,,
1351,A.抢救伤者,B.报警,C.疏散人员,D.封锁现场,,,
1353,A.防火、防爆、防毒、防雷、防污染,B.防火、防电、防毒、防雷、防伤害,C.防火、防爆、防毒、防盗、防乱,D.防火、防爆、防毒、防伤害、防溺水,,,
1355,A.红、黄、蓝,B.红、黄、绿,C.黄、蓝、绿,D.红、绿、蓝,,,
1357,A.设立固定机构或场所,B.有相关技术人员,C.有安全生产知识资源,D.有丰富的培训经验,,,
1363,A.提高安全生产管理水平,B.减少生产成本,C.增加劳动生产率,D.降低事故发生率,,,
1364,A.艰苦训练,B.安全培训,C.体格检查,D.考核考试,,,
1365,A.政策和目标,B.组织和职责,C.设计和实施,D.监控和评价,,,
1368,A.考核,B.培训,C.指导,D.教育,,,
1371,A.工种,B.职务,C.年龄,D.性别,,,
1373,A.核心技术,B.环保政策,C.全体员工,D.创新思路,,,
1375,A.领导,B.资金,C.技术,D.管理,,,
1377,A.职责分工,B.质量控制,C.安全管理,D.灾难防治,,,
1379,A.唯一的,B.最新的,C.最重要的,D.最严格的,,,
1380,A.防控网络设备,B.防控网格状区域,C.防控网球比赛,D.防控网站内容,,,
1381,A.唯一的,B.最新的,C.最重要的,D.最严格的,,,
1382,A.协调网络设备,B.协调网格状区域,C.协调网球比赛,D.协调网站内容,,,
1385,A.三查、三讨、三除,B.三改、三整、三强,C.三违章作业、三违反约定、三违反规定,D.三问、三考、三除,,,
1386,A.督查网络设备,B.督查网格状区域,C.督查网球比赛,D.督查网站内容,,,
1387,A.调度网络设备,B.调度网格状区域,C.调度网球比赛,D.调度网站内容,,,
1388,A.同一地点、同一时间、同一人员,B.同时发生、同时处理、同时校对,C.同步操作、同步检查、同步维护,D.同样原因、同样后果、同样处理方式,,,
1390,A.治理网络设备,B.治理网格状区域,C.治理网球比赛,D.治理网站内容,,,
1391,A.网络游戏平台,B.网络购物平台,C.网络监控平台,D.网络音乐平台,,,
1392,A.查原因、查责任、查证据、查记录、查整改,B.查情况、查缺陷、查消防设施、查隐患、查技能,C.查文件、查经验、查装备、查管理、查环境,D.查资金、查人员、查机械、查材料、查用具,,,
1394,A.刑事犯罪,B.民事过失,C.行政违法,D.轻微过错,,,
1395,A.以网络为基础的管理方式,B.以网格为单位的管理方式,C.以网球为基础的管理方式,D.以网站为单位的管理方式,,,
1398,A.警告,B.罚款,C.关停,D.吊销营业执照,,,
1399,A.自评,B.检查考核,C.审核,D.外审,,,
1401,A.危险源辨识应覆盖所有工作场所和作业环节,B.风险评估应考虑事故发生的可能性和后果严重性,C.只需对重大危险源进行辨识和评估，其他可忽略,D.风险评估结果应用于制定相应的控制措施,,,
1403,A.应急预案只需编制一次，无需更新,B.每年至少组织一次综合应急演练,C.只有大型企业需要编制应急预案,D.应急预案编制后无需向员工通报,,,
1409,A.防尘口罩,B.防毒面具,C.安全帽,D.防护手套,,,
1412,A、按照地域分配责任,B、 按照岗位和人员分配责任,C、完全依赖于上级管理,D、 随意分配,,,
1414,A、定期培训与考核,B、 仅在出现问题后进行教育,C、通过激励机制鼓励主动报告安全隐患,D、 发布安全文化倡导书,,,
1416,A、安全规范和作业流程,B、 应急预案和事故处理流程,C、企业的经营目标,D、 工作环境的潜在危险,,,
1418,A、保护员工的生命安全和身体健康,B、 保障企业的经济利益,C、防止环境污染和生态破坏,D、 保护企业资产和设备,,,
1420,A、定期进行消防演练,B、 制定突发火灾应急预案,C、确保灭火设备的完好性,D、 增加员工的安全知识培训,,,
1421,A、尽量扑灭火源,B、 有序撤离，不要慌乱,C、立即打电话报警,D、 忽略报警，等待进一步指示,,,
1422,A、灭火器的充装情况,B、 火灾报警系统的有效性,C、消防通道是否畅通,D、 员工对火灾的反应能力,,,
1423,A、危险化学品的标识和分类,B、 储存条件与通风要求,C、员工避免接触的安全操作,D、 只关注成本的管理,,,
1424,A、定期进行职业健康检查,B、 提供必要的个人防护装备,C、仅关注事故的后期处理,D、 宣传健康知识，提高员工意识,,,
1426,A、提供系统的安全管理培训,B、 定期评估和考核管理成效,C、只需依赖管理者的个体经验,D、 建立安全管理的反馈机制,,,
1427,A、采用定期的现场检查与记录,B、 使用电子监控与数据采集工具,C、仅依靠口头汇报信息,D、 通过员工日常日志进行登记,,,
1428,A、擅自修改安全操作规程,B、 规范使用个人防护装备,C、不报告安全隐患和事故,D、 主动参加安全培训和演练,,,
1433,A、疏散人员的具体路径演练,B、 火灾报警器的浑然使用,C、实地操作灭火设备的使用,D、 对于保险公司进行的审计,,,
1434,A、定期开展职业健康体检,B、 提供必要的个人防护装备,C、只在出现职业病案例后进行改进,D、 加强工作环境的通风与清洁,,,
1437,A、立即报告上级部门,B、 封闭事发区域并疏散人员,C、尝试自行控制泄漏情况,D、 进行现场记录和取证,,,
1443,A、基础的安全知识与应急响应,B、 针对岗位的特定危险与防护措施,C、不同岗位无需分类培训,D、 持续的职业发展与安全管理培训,,,
1444,A、迅速收集事故现场证据和证人证言,B、 依据推测直接得出事故原因,C、进行事故原因分析与报告撰写,D、 设立改进措施与预防计划,,,
1446,A、定期开展危险辨识与评估,B、 设定紧急停工的程序与指示,C、许多人随意进出工作现场,D、 确保有效的沟通与信息传递,,,
1447,A、安装防护设施并进行定期检查,B、 只聘请经验丰富的工人进行作业,C、确保佩戴合适的个人防护装备,D、 施工过程中的隐患不需要记录,,,
1449,A、应用安全PLC（可编程逻辑控制器）,B、 进行设备故障的预防性维护,C、忽视设备的工作原理与安全隐患,D、 提供针对特定设备的操作培训,,,
1451,A、领导的承诺与榜样作用,B、 安全绩效与事故指标的持续跟踪,C、只关注合规性，不重视员工感受,D、 创建开放的沟通环境与透明度,,,
1453,A、遵守适用的法规、标准与规定,B、 管理层的安全意识与责任意识,C、对于合规检查结果的生气反应,D、 及时更新合规性相关文件与政策,,,
1454,A、提供灵活的工作时间与环境,B、 鼓励员工超时工作以达到目标,C、设立心理健康支持与咨询服务,D、 定期评估员工的工作满意度,,,
1458,A、详细的应急响应流程,B、 忽视潜在的事故情景与影响,C、分析过往应急演练的成效,D、 明确责任与角色分配,,,
1459,A、制定详细的安全管理方案,B、 只在活动前的短时间内进行安全检查,C、有效的人员流动管控与疏散通道设计,D、 针对不同风险制定相应的应对策略,,,
1464,A、供应商的安全资质与管理水平,B、 完全依赖单一供应商以降低成本,C、定期审查供应商的安全记录,D、 确保安全信息在供应链中的透明度,,,
1466,A、定期更新并培训员工有关安全法规,B、 只在生产发生问题时才关注合规性,C、积极参与所在行业的安全标准制定,D、 建立健全的合规性监控与报告机制,,,
1467,A、评估企业现有的安全管理体系与实践,B、 监视合规状态的外部审计结果,C、仅仅依赖纸面文件，无需实际实施,D、 制定改进计划以填补合规缺口,,,
1470,A、领导者的重要性与领导风格的影响,B、 创造一种容忍错误的环境,C、提高员工的参与与反馈机制,D、 定期进行安全文化评估与改善,,,
1473,A、收集现场证据和目击者证言,B、 仅追责于个别员工,C、进行根本原因分析,D、 提出改进建议与实施方案,,,
1475,A、供应商的安全认证与资格,B、 忽略供应链中的潜在安全风险,C、评估运输过程中的安全因素,D、 定期审核供应商的安全记录,,,
1477,A、确保员工意识到数据隐私的重要性,B、 忽视网络安全实施,C、定期进行信息安全风险评估,D、 遵循相关的信息保护法规,,,
1478,A、实施严格的存取控制和审计,B、 对数据进行定期备份,C、学习如何使用新技术以提高安全性,D、 忽略数据的定期更新,,,
1482,A、定期评估员工的需求与反馈,B、 确保匿名投诉和反馈渠道的存在,C、忽略心理健康的重要性,D、 提供多样化的支持服务,,,
1484,A、建立明确的报告和应对程序,B、 无视目击者的证词和建议,C、定期训练员工应对技能,D、 对职场暴力进行严格的调查,,,
1486,A、开展社区安全宣传活动,B、 完全忽视公众的意见与建议,C、设立公开的反馈渠道,D、 定期与群众沟通安全信息,,,
1487,A、新兴技术的应用和挑战,B、 安全培训和教育的不足,C、对安全文化的忽视,D、 工资和用于安全管理的资金不足,,,
1488,A、持续监测行业动态与法规变化,B、 避免沟通与合作,C、参与行业协会和论坛,D、 创新安全策略与方案,,,
1489,A、现有安全措施的有效性,B、 忽略员工的建议与反馈,C、环境变化对安全的影响,D、 安全政策的合规性与更新,,,
1490,A、制定明确的责任与时间框架,B、 仅在发生事故后采取措施,C、定期审查改进效果,D、 建立培训与支持机制,,,
1498,A、分析不同岗位的安全需求,B、 只针对高层管理人员开展培训,C、开发模块化培训内容以供选择,D、 定期征求员工的反馈来调整内容,,,
1499,A、通过事故发生率的变化进行比较,B、 仅依赖员工的主观反馈,C、设定明确的培训目标和指标,D、 定期举办培训后测试与评估,,,
1501,A、评估供应商的安全合规性,B、 仅依赖传统的合同条款保障安全,C、建立对供应链事件的监测机制,D、 定期更新和审查供应链风险管理策略,,,
1502,A、强化与供应链合作伙伴的沟通,B、 采用区块链等技术确保信息透明,C、忽视供应链中断的潜在影响,D、 定期审查供应商的合规性和安全记录,,,
1503,A、识别和分析潜在的应急情况,B、 只关注物理安全，而忽视信息安全,C、制定清晰的沟通和指挥结构,D、 定期进行演练以检验计划有效性,,,
1504,A、制定应急沟通计划,B、 依赖自发的沟通方式,C、明确各类信息的发布渠道,D、 定期更新联系信息和流程,,,
1506,A、进行沟通与教育，解释安全重要性,B、 忽视员工反应，强制执行安全政策,C、提供可以实践的安全示范和案例,D、 鼓励员工在安全活动中有更多参与感,,,
1511,A、进行全面的风险评估,B、 只关注高风险区域而忽视其他部分,C、制定风险缓解战略,D、 定期更新风险管理计划,,,
1513,A、制定个人安全目标,B、 垃圾规范及随意行为,C、创建积极的安全文化氛围,D、 进行定期的安全表彰活动,,,
1516,A、识别潜在的紧急情况,B、 只关注自然灾害,C、确保资源和人员的可用性,D、 定期进行应急演练,,,
1518,A、鼓励开放的沟通和反馈,B、 强制执行安全规定而不解释,C、进行安全文化调查,D、 倡导员工间的相互支持,,,
1523,A、定期召开沟通与反馈会议,B、 只依靠电子邮件进行信息传递,C、促进上下之间的信息共享,D、 鼓励面谈和互动,,,
1524,A、进行培训前后的数据对比,B、 只依赖员工的主观反馈,C、设置明确的培训目标,D、 定期反馈会议,,,
1526,A、组织跨部门安全活动,B、 只由安全部门负责安全事务,C、在项目中强化安全责任的分配,D、 分享不同部门的安全案例,,,
1528,A、关注员工的职业发展,B、 忽视员工的反馈与需求,C、建立健康的工作与生活平衡,D、 提供员工福利和支持服务,,,
1529,A、实施全面的安全管理计划,B、 忽视施工现场的风险评估,C、确保设备和材料的质量,D、 定期进行安全演练,,,
1530,A、安全文化调查与反馈,B、 依赖于指标数据分析,C、仅依赖员工的定性反馈,D、 定期进行外部评审,,,
1531,A、定期收集员工反馈,B、 忽视课后的评估与调整,C、与实际工作相结合,D、 开展多样化的培训形式,,,
1532,A、设定详细的安全入职培训,B、 仅依赖师徒制度,C、分配安全导师支持,D、 提供持续的学习机会,,,
1534,A、真实模拟的期间与安全情景,B、 抑制参与者的反馈与讨论,C、增强用户的参与感和体验,D、 定期更新培训内容,,,
1535,A、制定明确的审核计划,B、 只依赖内部员工的反馈,C、进行现场检查与记录,D、 输出审核报告以供改进,,,
1536,A、引入外部审计团队,B、 仅依赖内部人员进行评估,C、建立标准的审核框架,D、 定期回顾审核结果和措施,,,
1537,A、分析事故发生的根本原因,B、 实施整改措施并跟进,C、忽视员工的建议与意见,D、 加强相关培训和宣传,,,
1538,A、设立质量反馈机制,B、 只关注年度审核报告,C、定期评估与更新安全政策,D、 鼓励员工提出改进意见,,,
1540,A、定期进行应急演练,B、 只在重大事件发生后修订计划,C、遵循应急响应标准与程序,D、 收集并分析演练后的反馈,,,
1541,A、提供系统的培训与演练,B、 仅依靠书面的应急计划,C、组织模拟实战演练,D、 强调团队合作与沟通能力,,,
1543,A、责任与透明度,B、 忽略员工的情感与体验,C、合作与信任,D、 持续改进与学习的态度,,,
1545,A、技术的适应性与可扩展性,B、 只考虑技术的最终成本,C、用户体验与培训需求,D、 技术对现有流程的影响,,,
1546,A、确保事故现场在调查前不被清理,B、 只依赖目击者的口头陈述,C、使用照片、视频和书面记录,D、 制定一个系统化的证据收集流程,,,
1549,A、不定期进行内部审核,B、 针对审查结果制定改进措施,C、确保员工理解与制定的政策,D、 定期更新安全管理手册,,,
1551,A、在培训后进行知识测试,B、 忽视学员在培训中的反馈,C、观察培训后员工的行为变化,D、 进行长期的成果跟踪分析,,,
1552,A、定期召开应急管理评审委员会,B、 仅在事件发生后进行修改,C、将应急演练与实际操作结合,D、 鼓励员工反馈潜在的风险和改进建议,,,
1554,A、将安全责任纳入绩效评估体系,B、 定期发布安全文化相关通讯,C、采用极端惩罚措施以警示他人,D、 鼓励员工分享自己的安全故事和经验,,,
1555,A、仅强调安全规章而忽视实际操作,B、 吸引员工参与决策过程,C、对偶尔的违规行为采取包容态度,D、 强调开放的沟通与反馈渠道,,,
1556,A、实施定期的资源效益评估,B、 只在事故后进行资源调整,C、跨部门合作与资源共享,D、 定期培训管理人员有效利用资源,,,
1558,A、基于事故分析设定预防目标,B、 考虑行业的新技术发展,C、仅关注短期的具体事项,D、 听取各层级员工的意见,,,
1560,A、明确的响应领导层与职责分配,B、 培训员工使用必要的应急工具和设备,C、过度依赖纸质文件而缺乏技术支持,D、 合作与协调的外部应急资源,,,
1561,A、收集并分析事故数据与趋势,B、 仅依赖数字化平台进行统计并不分析,C、将数据与实际情况结合，找出潜在改进点,D、 提高数据可视化方式以便于理解,,,
1562,A、定期评估现有流程与实际执行效果,B、 忽视细节以简化流程,C、对新实施的变化进行监控与评审,D、 设定明确的质量改进目标,,,
1564,A、潜在风险的影响程度与发生概率,B、 行业内的竞争对手的风险管理策略,C、相关法律及其潜在的合规性压力,D、 风险的可控性与应对措施的难易程度,,,
1565,A、风险对企业财务可持续性的潜在影响,B、 风险出现时对员工安全的直接威胁,C、只依据历史数据而忽略环境变化,D、 风险缓解措施实施的成本效益比分析,,,
1566,A、信息传递的准确性与及时性,B、 只通过高层管理传达信息,C、开展全员的安全文化宣传,D、 确保反馈机制的畅通与有效,,,
1567,A、发布安全相关的定期报告与数据分析,B、 在培训中使用模糊的语言以降低复杂性,C、定期举行员工大会以分享安全信息,D、 通过社交媒体增强信息的传播,,,
1568,A、制定跨部门的应急响应协议与常规演练,B、 只在事件发生时才进行临时协调,C、设立专门的应急管理协调小组,D、 采用项目管理工具追踪各部门的进展,,,
1569,A、应急响应时间与有效性验证,B、 预案的灵活性与适应性,C、仅依据外部审计的评分进行判断,D、 演练后的总结与改进措施落实情况,,,
1572,A、创建综合的安全知识库与培训材料,B、 仅依靠外部机构的认证来提升知识,C、定期更新知识库以反映最新的行业动态,D、 鼓励员工分享经验与习得的教训,,,
1573,A、设置信息审核流程以确保内容质量,B、 只使用内部信息而忽视外部实践,C、建立认证制度釐清信息来源与利用者,D、 促进跨部门协作共享信息,,,
1574,A、设定长期的安全目标与愿景,B、 忽视外部环境的变化影响,C、结合历史数据与趋势分析进行决策,D、 充分考虑法律法规的要求与合规性,,,
1575,A、定期进行风险评估与审计,B、 仅在发生事故后才进行评估,C、开展安全意识培训以提高员工参与度,D、 采用先进的风险管理工具与技术,,,
1577,A、定期进行网络安全漏洞扫描与测试,B、 忽视员工安全意识培训,C、建立应急响应计划以应对潜在攻击,D、 采用多层防御机制以减少风险,,,
1578,A. 充分利用各类培训、专题会、早班会，落实工艺技术交底,B. 无需培训和交底工作，直接进行施工,C. 落实风险隐患交底，提前预防可能出现的问题,D. 不采取针对性防范措施，统一对待所有施工项目,,,
1579,A. 将作业令管理与“网格化”管理结合,B. 忽略作业风险等级，随意开具工作令,C. 分层分级监管现场施工作业,D. 规范工作令的开具和现场执行,,,
1584,A. 把握好车间、厂房、设备、各类工装、设备设施等静态风险,B. 把握好施工作业的动态过程风险、交叉作业过程管控等动态风险,C. 把握好车间、厂房、设备、各类工装、设备设施等动态风险,D. 把握好施工作业的动态过程风险、交叉作业过程管控等静态风险,,,
1585,A. 落实施工方案审批及交底,B. 作业区域内的风险识别,C. 按照施工方案实施,D. 作业令及时审批及过程监护,,,
1590,A、生态功能红线,B、环境质量红线,C、经济效益红线,D、资源利用红线,,,
1591,A、实施该规划对环境可能造成影响的分析、预测和评估,B、预防或者减轻不良环境影响的对策和措施,C、对专家意见采纳或者不采纳的说明,D、环境影响评价的结论,,,
1592,A、风险控制,B、风险评估,C、应急准备,D、应急处置,,,
1593,A、科技含量高,B、资源利用率高,C、污染物排放量少,D、循环利用,,,
1595,A、降解时间长，使土壤环境恶化,B、视觉污染， 影响环境美感,C、焚烧处理产生二噁英，将给环境造成严重的二次污染,D、影响环境美感,,,
1599,A、森林资源的锐减,B、草源面积锐减，草场质量下降,C、水土流失和土壤退化,D、生物种类和资源减少,,,
1600,A、同时设计,B、同时审批,C、同时施工,D、同时投入生产和使用,,,
1602,A、占用土地,B、污染土壤,C、污染水体,D、污染大气,,,
1603,A、定期进行风险评估与应急准备,B、 对新技术和趋势持有漠视态度,C、加强与行业内外部专业机构的合作,D、 不断更新和改进安全管理策略,,,
1605,A、适应行业标准和法规要求,B、 完全照搬同行业的安全政策,C、确保政策透明并易于员工理解,D、 定期审核和更新安全政策,,,
1607,A、遵循当地环境保护法规与标准,B、 无视环境影响评估的必要性,C、鼓励员工参与环保实践与建议,D、 定期进行环境审计与改进计划,,,
1610,A、定期更新系统与软件以修补安全漏洞,B、 忽略内部威胁和社会工程学攻击,C、加强网络监控与应急响应能力,D、 实施多重身份验证与安全审计机制,,,
1611,A、数据加密和访问控制,B、 疏忽员工的审查与授权管理,C、定期备份数据并测试恢复流程,D、 加强外围网络的防护措施,,,
1614,A. 懂火灾危害性、懂预防措施、懂扑救方法,B. 会报警、会使用消防器材、会逃生自救,C. 懂设备维护、懂电气知识、懂化学品处理,D. 会急救、会灭火、会疏散,,,
1615,A. 建立健全安全生产责任制,B. 提供必要的安全生产条件,C. 定期进行安全检查和隐患排查,D. 组织员工参加安全生产培训,,,
1616,A. 立即拨打119报警,B. 用湿毛巾捂住口鼻,C. 迅速逃离火场,D. 尽量靠近窗户等待救援,,,
1618,A. 我不伤害自己,B. 我不被他人伤害,C. 我不伤害他人,D. 我保护他人不受伤害,,,
1619,A. 商场,B. 学校,C. 医院,D. 酒店,,,
1620,A. 厂级教育,B. 车间级教育,C. 班组级教育,D. 个人自学,,,
1621,A. 制定消防安全制度,B. 组织防火检查,C. 开展消防演练,D. 配置消防设施和器材,,,
1624,A. 职业健康检查,B. 职业病危害告知,C. 职业病危害防护设施,D. 职业病危害监测评价,,,
1627,A. 不超速行驶,B. 不酒后驾车,C. 不闯红灯,D. 不疲劳驾驶,,,
1629,A. 安全生产责任制,B. 安全操作规程,C. 事故隐患排查治理制度,D. 安全生产奖惩制度,,,
1632,A. 断电操作,B. 挂接地线,C. 设置围栏,D. 悬挂警示牌,,,
1634,A. 高处坠落,B. 物体打击,C. 机械伤害,D. 触电事故,,,
1635,A. 取得食品生产经营许可证,B. 确保食品原料安全无毒无害,C. 建立食品安全追溯体系,D. 定期进行食品安全自查,,,
1637,A. 定期维护保养,B. 定期检验检测,C. 确保操作人员持证上岗,D. 建立特种设备档案,,,
1638,A. 穿着防护服,B. 佩戴防护眼镜,C. 使用隔热手套,D. 定期休息补水,,,
1639,A. 完善的安全生产设施,B. 合格的技术人员和管理人员,C. 健全的安全生产管理制度,D. 良好的通风系统,,,
1640,A. 包装牢固可靠,B. 标识清晰完整,C. 避免混装混运,D. 配备应急处理设备和药品,,,
1641,A. 以人为本，减少危害,B. 统一领导，分级负责,C. 科学评估，合理决策,D. 快速反应，协同应对,,,
1642,A. 地理位置,B. 人口密度,C. 经济水平,D. 企业类型,,,
1643,A. 管生产必须管安全,B. 谁主管谁负责,C. 分级管理,D. 属地管理,,,
1645,A. 占用消防通道,B. 损坏消防设备,C. 擅自拉接电线,D. 堆放易燃易爆物品,,,
1647,A. 提供合格的劳动防护用品,B. 定期进行职业健康检查,C. 设置职业病防护设施,D. 开展职业病防治宣传培训,,,
1648,A. 立即报警,B. 迅速撤离现场,C. 使用个人防护装备,D. 封堵泄漏源,,,
1650,A. 居民基本信息,B. 安全隐患情况,C. 环境卫生状况,D. 社会治安动态,,,
1651,A. 安全生产责任制,B. 安全操作规程,C. 事故隐患排查治理制度,D. 应急管理制度,,,
1653,A. 设备的安全状态,B. 员工的安全培训记录,C. 安全防护措施的落实情况,D. 企业的生产效率,,,
1657,A. 建立完善的应急预案,B. 进行定期的应急演练,C. 只在事故发生后制定计划,D. 确保应急物资的完备,,,
1658,A. 灭火器的正确使用,B. 疏散路线的实地演练,C. 评估演练效果并记录,D. 演练结束后不作总结,,,
1659,A. 企业的生产特性,B. 法律法规的要求,C. 员工的实际需求,D. 竞争对手的管理模式,,,
1661,A. 依法申请和更新安全生产许可证,B. 持证单位须定期接受检查,C. 许可证可随意转让给其他单位,D. 不持证单位不得开展生产活动,,,
1664,A. 定期核实信息来源,B. 建立信息审核机制,C. 依赖个人的主观判断,D. 多渠道收集信息,,,
1665,A. 结合实际案例进行讲解,B. 强调理论知识的灌输,C. 设置互动环节，鼓励参与,D. 仅在初次入职时进行培训,,,
1668,A. 根据化学品的特性分区存储,B. 定期检查存储环境的温度和湿度,C. 在储存区设置明显的警示标志,D. 随意堆放以节省空间,,,
1671,A. 尽量保持冷静，快速疏散,B. 避免使用电梯,C. 带走个人物品以确保安全,D. 关注周围人员的安全,,,
1672,A. 定期进行设备维护保养,B. 建立设备使用记录,C. 依赖设备的自我诊断功能,D. 对设备进行定期的性能测试,,,
1674,A. 定期召开反馈会议,B. 引入信息化管理工具,C. 设定反馈时限,D. 仅依靠书面报告,,,
1676,A. 制定实施方案,B. 进行人员培训,C. 进行效果评估,D. 完全依赖外部咨询,,,
1680,A. 领导班子应对安全生产工作负总责,B. 各部门应分解安全生产责任,C. 只需设定一名专责人员即可,D. 建立安全生产责任追究机制,,,
1683,A. 定期进行安全检查,B. 设立安全警示标志和围挡,C. 只依靠监理公司的管理,D. 加强对施工人员的安全培训,,,
1687,A. 设备的技术状态,B. 操作人员的技能水平,C. 设备的使用年限,D. 设备的市场价值,,,
1689,A. 符合国家和地方的法律法规,B. 只需满足企业内部要求,C. 加强对法律法规的学习和遵守,D. 完全依赖法律顾问的建议,,,
1690,A. 设立专门的信息反馈通道,B. 采用信息化管理系统,C. 增加信息反馈的频率,D. 仅依靠口头沟通,,,
1691,A. 安全隐患的发现率,B. 事故发生的频率,C. 员工的安全满意度,D. 企业的盈利增长率,,,
1693,A. 企业应制定培训计划,B. 只需对管理层进行培训,C. 必须进行培训效果评估,D. 培训应定期进行并记录,,,
1695,A. 企业安全文化和制度,B. 特殊岗位的操作规程,C. 工作场所的安全隐患,D. 企业的财务状况,,,
1696,A. 企业的历史与文化背景,B. 员工的实际需求与反馈,C. 安全生产的法律法规,D. 安全生产的社会影响,,,
1697,A. 定期进行安全知识测试,B. 设立安全生产宣传栏,C. 仅在入职时进行培训,D. 完全依赖法律顾问的建议,,,
1698,A. 潜在危险的性质,B. 事故发生的历史记录,C. 受影响人员的数量,D. 企业的盈利能力,,,
1702,A. 设备的完好性,B. 操作人员的操作技能,C. 设备的使用记录,D. 设备的外观清洁度,,,
1705,A. 及时消除火灾隐患,B. 安全教育和培训,C. 制定应急预案,D. 只需报备消防部门即可,,,
1706,A. 鼓励提出建议和意见,B. 定期开展交流活动,C. 设定参与奖励机制,D. 完全依赖管理层的指示,,,
1707,A. 设立安全生产管理机构,B. 确保安全生产设施的有效运行,C. 提供安全生产培训,D. 随意改变作业流程,,,
1711,A. 立即整改并记录,B. 通报上级并等待指导,C. 设定整改期限并跟踪,D. 忽略不计，继续作业,,,
1713,A. 安全建议征集,B. 参与安全培训,C. 定期进行安全检查,D. 仅在事故后参与讨论,,,
1714,A. 依据物质特性选择合适的储存容器,B. 混合化学品时不需参考安全数据表,C. 建立定期检查化学品存储状态的制度,D. 储存时应避免阳光直射,,,
1717,A. 制定详细的安全生产手册,B. 设立安全生产奖惩机制,C. 确保安全培训的持续性,D. 只关注法规要求，不考虑实际情况,,,
1718,A. 增强员工的消防安全意识,B. 验证逃生路线的可行性,C. 提高应急处置能力,D. 完全避免火灾的发生,,,
1723,A. 保证信息的及时性,B. 限制信息的开放性,C. 确保信息的准确性,D. 保护个人隐私信息,,,
1724,A. 违反操作规程导致事故,B. 主动报告安全隐患,C. 定期进行安全演习,D. 未设立安全生产管理机构,,,
1726,A. 安全标志应保持清晰可见,B. 标志的设置应遵循国家标准,C. 可以自行设计标志以节省费用,D. 安全标志需定期检查和维护,,,
1727,A. 按照标签储存,B. 及时处理废弃物,C. 随意混合化学品,D. 定期检查储存设施,,,
1728,A. 设备老化,B. 作业人员疲劳,C. 安全培训不足,D. 过度依赖自动化设备,,,
1729,A. 不穿戴个人防护装备,B. 随意摆放工具和设备,C. 定期进行安全培训,D. 忽视安全警示标志,,,
1730,A. 管理体系应基于风险评估,B. 只需定期检查，不必持续改进,C. 所有员工都应参与体系建设,D. 管理体系可单独由安全专员制定,,,
1732,A. 拔掉保险销,B. 瞄准火源根部,C. 摇晃灭火器,D. 坚持喷射几秒钟,,,
1733,A. 消防组织机构,B. 消防安全培训,C. 消防设施维护,D. 定期开展消防演练,,,
1735,A. 及时性,B. 准确性,C. 完整性,D. 保密性,,,
1736,A. 明确责任,B. 定期培训,C. 资源合理配置,D. 增加监督频率,,,
1737,A. 滑倒、绊倒,B. 化学品泄漏,C. 电器设备老化,D. 超负荷作业,,,
1738,A. 作业类型,B. 环境条件,C. 个人体型,D. 企业文化,,,
1741,对,错,,,,,
1742,对,错,,,,,
1748,对,错,,,,,
1750,对,错,,,,,
1751,对,错,,,,,
1755,对,错,,,,,
1756,对,错,,,,,
1758,对,错,,,,,
1759,对,错,,,,,
1761,对,错,,,,,
1764,对,错,,,,,
1766,对,错,,,,,
1767,对,错,,,,,
1768,对,错,,,,,
1769,对,错,,,,,
1772,对,错,,,,,
1773,对,错,,,,,
1774,对,错,,,,,
1775,对,错,,,,,
1776,对,错,,,,,
1778,对,错,,,,,
1779,对,错,,,,,
1781,对,错,,,,,
1784,对,错,,,,,
1785,对,错,,,,,
1787,对,错,,,,,
1789,对,错,,,,,
1791,对,错,,,,,
1792,对,错,,,,,
1793,对,错,,,,,
1794,对,错,,,,,
1796,对,错,,,,,
1797,对,错,,,,,
1798,对,错,,,,,
1799,对,错,,,,,
1800,对,错,,,,,
1804,对,错,,,,,
1810,对,错,,,,,
1814,对,错,,,,,
1815,对,错,,,,,
1816,对,错,,,,,
1817,对,错,,,,,
1818,对,错,,,,,
1819,对,错,,,,,
1822,对,错,,,,,
1824,对,错,,,,,
1825,对,错,,,,,
1826,对,错,,,,,
1828,对,错,,,,,
1829,对,错,,,,,
1831,对,错,,,,,
1832,对,错,,,,,
1833,对,错,,,,,
1834,对,错,,,,,
1835,对,错,,,,,
1838,对,错,,,,,
1841,对,错,,,,,
1843,对,错,,,,,
1845,对,错,,,,,
1846,对,错,,,,,
1849,对,错,,,,,
1850,对,错,,,,,
1851,对,错,,,,,
1854,对,错,,,,,
1855,对,错,,,,,
1856,对,错,,,,,
1858,对,错,,,,,
1859,对,错,,,,,
1860,对,错,,,,,
1862,对,错,,,,,
1863,对,错,,,,,
1864,对,错,,,,,
1865,对,错,,,,,
1866,对,错,,,,,
1867,对,错,,,,,
1869,对,错,,,,,
1870,对,错,,,,,
1871,对,错,,,,,
1872,对,错,,,,,
1875,对,错,,,,,
1876,对,错,,,,,
1879,对,错,,,,,
1880,对,错,,,,,
1881,对,错,,,,,
1883,对,错,,,,,
1884,对,错,,,,,
1885,对,错,,,,,
1886,对,错,,,,,
1890,对,错,,,,,
1892,对,错,,,,,
1893,对,错,,,,,
1894,对,错,,,,,
1898,对,错,,,,,
1900,对,错,,,,,
1901,对,错,,,,,
1902,对,错,,,,,
1903,对,错,,,,,
1905,对,错,,,,,
1907,对,错,,,,,
1908,对,错,,,,,
1910,对,错,,,,,
1911,对,错,,,,,
1912,对,错,,,,,
1916,对,错,,,,,
1917,对,错,,,,,
1919,对,错,,,,,
1920,对,错,,,,,
1921,对,错,,,,,
1922,对,错,,,,,
1924,对,错,,,,,
1925,对,错,,,,,
1928,对,错,,,,,
1930,对,错,,,,,
1931,对,错,,,,,
1932,对,错,,,,,
1934,对,错,,,,,
1935,对,错,,,,,
1937,对,错,,,,,
1938,对,错,,,,,
1939,对,错,,,,,
1940,对,错,,,,,
1943,对,错,,,,,
1944,对,错,,,,,
1949,对,错,,,,,
1951,对,错,,,,,
1954,对,错,,,,,
1955,对,错,,,,,
1956,对,错,,,,,
1957,对,错,,,,,
1958,对,错,,,,,
1960,对,错,,,,,
1961,对,错,,,,,
1962,对,错,,,,,
1963,对,错,,,,,
1966,对,错,,,,,
1967,对,错,,,,,
1968,对,错,,,,,
1969,对,错,,,,,
1971,对,错,,,,,
1973,对,错,,,,,
1975,对,错,,,,,
1976,对,错,,,,,
1977,对,错,,,,,
1979,对,错,,,,,
1981,对,错,,,,,
1983,对,错,,,,,
1984,对,错,,,,,
1988,对,错,,,,,
1989,对,错,,,,,
1990,对,错,,,,,
1991,对,错,,,,,
1993,对,错,,,,,
1995,对,错,,,,,
1997,对,错,,,,,
2003,对,错,,,,,
2005,对,错,,,,,
2008,对,错,,,,,
2010,对,错,,,,,
2011,对,错,,,,,
2013,对,错,,,,,
2014,对,错,,,,,
2015,对,错,,,,,
2017,对,错,,,,,
2018,对,错,,,,,
2020,对,错,,,,,
2023,对,错,,,,,
2024,对,错,,,,,
2026,对,错,,,,,
2027,对,错,,,,,
2028,对,错,,,,,
2029,对,错,,,,,
2030,对,错,,,,,
2032,对,错,,,,,
2037,对,错,,,,,
2038,对,错,,,,,
2039,对,错,,,,,
2040,对,错,,,,,
2043,对,错,,,,,
2045,对,错,,,,,
2051,对,错,,,,,
2053,对,错,,,,,
2062,对,错,,,,,
2066,对,错,,,,,
2068,对,错,,,,,
2069,对,错,,,,,
2070,对,错,,,,,
2071,对,错,,,,,
2074,对,错,,,,,
2077,对,错,,,,,
